2025-05-15 01:52:49,549 - sqlalchemy.engine.Engine - INFO - select pg_catalog.version()
2025-05-15 01:52:49,549 - sqlalchemy.engine.Engine - INFO - [raw sql] {}
2025-05-15 01:52:49,683 - sqlalchemy.engine.Engine - INFO - select current_schema()
2025-05-15 01:52:49,684 - sqlalchemy.engine.Engine - INFO - [raw sql] {}
2025-05-15 01:52:49,821 - sqlalchemy.engine.Engine - INFO - show standard_conforming_strings
2025-05-15 01:52:49,821 - sqlalchemy.engine.Engine - INFO - [raw sql] {}
2025-05-15 01:52:49,953 - sqlalchemy.engine.Engine - INFO - BEGIN (implicit)
2025-05-15 01:52:49,960 - sqlalchemy.engine.Engine - INFO - SELECT pg_catalog.pg_class.relname 
FROM pg_catalog.pg_class JOIN pg_catalog.pg_namespace ON pg_catalog.pg_namespace.oid = pg_catalog.pg_class.relnamespace 
WHERE pg_catalog.pg_class.relname = %(table_name)s AND pg_catalog.pg_class.relkind = ANY (ARRAY[%(param_1)s, %(param_2)s, %(param_3)s, %(param_4)s, %(param_5)s]) AND pg_catalog.pg_table_is_visible(pg_catalog.pg_class.oid) AND pg_catalog.pg_namespace.nspname != %(nspname_1)s
2025-05-15 01:52:49,961 - sqlalchemy.engine.Engine - INFO - [generated in 0.00107s] {'table_name': 'users', 'param_1': 'r', 'param_2': 'p', 'param_3': 'f', 'param_4': 'v', 'param_5': 'm', 'nspname_1': 'pg_catalog'}
2025-05-15 01:52:50,096 - sqlalchemy.engine.Engine - INFO - SELECT pg_catalog.pg_class.relname 
FROM pg_catalog.pg_class JOIN pg_catalog.pg_namespace ON pg_catalog.pg_namespace.oid = pg_catalog.pg_class.relnamespace 
WHERE pg_catalog.pg_class.relname = %(table_name)s AND pg_catalog.pg_class.relkind = ANY (ARRAY[%(param_1)s, %(param_2)s, %(param_3)s, %(param_4)s, %(param_5)s]) AND pg_catalog.pg_table_is_visible(pg_catalog.pg_class.oid) AND pg_catalog.pg_namespace.nspname != %(nspname_1)s
2025-05-15 01:52:50,096 - sqlalchemy.engine.Engine - INFO - [cached since 0.1367s ago] {'table_name': 'journal_entries', 'param_1': 'r', 'param_2': 'p', 'param_3': 'f', 'param_4': 'v', 'param_5': 'm', 'nspname_1': 'pg_catalog'}
2025-05-15 01:52:50,176 - sqlalchemy.engine.Engine - INFO - SELECT pg_catalog.pg_class.relname 
FROM pg_catalog.pg_class JOIN pg_catalog.pg_namespace ON pg_catalog.pg_namespace.oid = pg_catalog.pg_class.relnamespace 
WHERE pg_catalog.pg_class.relname = %(table_name)s AND pg_catalog.pg_class.relkind = ANY (ARRAY[%(param_1)s, %(param_2)s, %(param_3)s, %(param_4)s, %(param_5)s]) AND pg_catalog.pg_table_is_visible(pg_catalog.pg_class.oid) AND pg_catalog.pg_namespace.nspname != %(nspname_1)s
2025-05-15 01:52:50,177 - sqlalchemy.engine.Engine - INFO - [cached since 0.2172s ago] {'table_name': 'habits', 'param_1': 'r', 'param_2': 'p', 'param_3': 'f', 'param_4': 'v', 'param_5': 'm', 'nspname_1': 'pg_catalog'}
2025-05-15 01:52:50,245 - sqlalchemy.engine.Engine - INFO - SELECT pg_catalog.pg_class.relname 
FROM pg_catalog.pg_class JOIN pg_catalog.pg_namespace ON pg_catalog.pg_namespace.oid = pg_catalog.pg_class.relnamespace 
WHERE pg_catalog.pg_class.relname = %(table_name)s AND pg_catalog.pg_class.relkind = ANY (ARRAY[%(param_1)s, %(param_2)s, %(param_3)s, %(param_4)s, %(param_5)s]) AND pg_catalog.pg_table_is_visible(pg_catalog.pg_class.oid) AND pg_catalog.pg_namespace.nspname != %(nspname_1)s
2025-05-15 01:52:50,246 - sqlalchemy.engine.Engine - INFO - [cached since 0.286s ago] {'table_name': 'habit_logs', 'param_1': 'r', 'param_2': 'p', 'param_3': 'f', 'param_4': 'v', 'param_5': 'm', 'nspname_1': 'pg_catalog'}
2025-05-15 01:52:50,323 - sqlalchemy.engine.Engine - INFO - SELECT pg_catalog.pg_class.relname 
FROM pg_catalog.pg_class JOIN pg_catalog.pg_namespace ON pg_catalog.pg_namespace.oid = pg_catalog.pg_class.relnamespace 
WHERE pg_catalog.pg_class.relname = %(table_name)s AND pg_catalog.pg_class.relkind = ANY (ARRAY[%(param_1)s, %(param_2)s, %(param_3)s, %(param_4)s, %(param_5)s]) AND pg_catalog.pg_table_is_visible(pg_catalog.pg_class.oid) AND pg_catalog.pg_namespace.nspname != %(nspname_1)s
2025-05-15 01:52:50,323 - sqlalchemy.engine.Engine - INFO - [cached since 0.3635s ago] {'table_name': 'goals', 'param_1': 'r', 'param_2': 'p', 'param_3': 'f', 'param_4': 'v', 'param_5': 'm', 'nspname_1': 'pg_catalog'}
2025-05-15 01:52:50,390 - sqlalchemy.engine.Engine - INFO - COMMIT
2025-05-15 01:52:50,457 - root - INFO - Database tables created successfully
2025-05-15 01:52:50,504 - root - INFO - Starting up Journal API
2025-05-15 01:52:50,505 - root - ERROR - Database connection test failed: Not an executable object: 'SELECT 1'
2025-05-15 01:52:50,512 - root - DEBUG - Stack trace: Traceback (most recent call last):
  File "C:\Users\kanaka\AppData\Local\Programs\Python\Python313\Lib\site-packages\sqlalchemy\engine\base.py", line 1411, in execute
    meth = statement._execute_on_connection
           ^^^^^^^^^^^^^^^^^^^^^^^^^^^^^^^^
AttributeError: 'str' object has no attribute '_execute_on_connection'

The above exception was the direct cause of the following exception:

Traceback (most recent call last):
  File "C:\Users\kanaka\Documents\kannect\kannect-journal-service\app\main.py", line 58, in startup_event
    conn.execute("SELECT 1")
    ~~~~~~~~~~~~^^^^^^^^^^^^
  File "C:\Users\kanaka\AppData\Local\Programs\Python\Python313\Lib\site-packages\sqlalchemy\engine\base.py", line 1413, in execute
    raise exc.ObjectNotExecutableError(statement) from err
sqlalchemy.exc.ObjectNotExecutableError: Not an executable object: 'SELECT 1'

2025-05-15 01:53:29,627 - root - INFO - Shutting down Journal API
2025-05-15 01:53:33,728 - sqlalchemy.engine.Engine - INFO - select pg_catalog.version()
2025-05-15 01:53:33,729 - sqlalchemy.engine.Engine - INFO - [raw sql] {}
2025-05-15 01:53:33,864 - sqlalchemy.engine.Engine - INFO - select current_schema()
2025-05-15 01:53:33,865 - sqlalchemy.engine.Engine - INFO - [raw sql] {}
2025-05-15 01:53:33,997 - sqlalchemy.engine.Engine - INFO - show standard_conforming_strings
2025-05-15 01:53:33,998 - sqlalchemy.engine.Engine - INFO - [raw sql] {}
2025-05-15 01:53:34,132 - sqlalchemy.engine.Engine - INFO - BEGIN (implicit)
2025-05-15 01:53:34,136 - sqlalchemy.engine.Engine - INFO - SELECT pg_catalog.pg_class.relname 
FROM pg_catalog.pg_class JOIN pg_catalog.pg_namespace ON pg_catalog.pg_namespace.oid = pg_catalog.pg_class.relnamespace 
WHERE pg_catalog.pg_class.relname = %(table_name)s AND pg_catalog.pg_class.relkind = ANY (ARRAY[%(param_1)s, %(param_2)s, %(param_3)s, %(param_4)s, %(param_5)s]) AND pg_catalog.pg_table_is_visible(pg_catalog.pg_class.oid) AND pg_catalog.pg_namespace.nspname != %(nspname_1)s
2025-05-15 01:53:34,136 - sqlalchemy.engine.Engine - INFO - [generated in 0.00047s] {'table_name': 'users', 'param_1': 'r', 'param_2': 'p', 'param_3': 'f', 'param_4': 'v', 'param_5': 'm', 'nspname_1': 'pg_catalog'}
2025-05-15 01:53:34,273 - sqlalchemy.engine.Engine - INFO - SELECT pg_catalog.pg_class.relname 
FROM pg_catalog.pg_class JOIN pg_catalog.pg_namespace ON pg_catalog.pg_namespace.oid = pg_catalog.pg_class.relnamespace 
WHERE pg_catalog.pg_class.relname = %(table_name)s AND pg_catalog.pg_class.relkind = ANY (ARRAY[%(param_1)s, %(param_2)s, %(param_3)s, %(param_4)s, %(param_5)s]) AND pg_catalog.pg_table_is_visible(pg_catalog.pg_class.oid) AND pg_catalog.pg_namespace.nspname != %(nspname_1)s
2025-05-15 01:53:34,274 - sqlalchemy.engine.Engine - INFO - [cached since 0.1376s ago] {'table_name': 'journal_entries', 'param_1': 'r', 'param_2': 'p', 'param_3': 'f', 'param_4': 'v', 'param_5': 'm', 'nspname_1': 'pg_catalog'}
2025-05-15 01:53:34,343 - sqlalchemy.engine.Engine - INFO - SELECT pg_catalog.pg_class.relname 
FROM pg_catalog.pg_class JOIN pg_catalog.pg_namespace ON pg_catalog.pg_namespace.oid = pg_catalog.pg_class.relnamespace 
WHERE pg_catalog.pg_class.relname = %(table_name)s AND pg_catalog.pg_class.relkind = ANY (ARRAY[%(param_1)s, %(param_2)s, %(param_3)s, %(param_4)s, %(param_5)s]) AND pg_catalog.pg_table_is_visible(pg_catalog.pg_class.oid) AND pg_catalog.pg_namespace.nspname != %(nspname_1)s
2025-05-15 01:53:34,344 - sqlalchemy.engine.Engine - INFO - [cached since 0.2075s ago] {'table_name': 'habits', 'param_1': 'r', 'param_2': 'p', 'param_3': 'f', 'param_4': 'v', 'param_5': 'm', 'nspname_1': 'pg_catalog'}
2025-05-15 01:53:34,411 - sqlalchemy.engine.Engine - INFO - SELECT pg_catalog.pg_class.relname 
FROM pg_catalog.pg_class JOIN pg_catalog.pg_namespace ON pg_catalog.pg_namespace.oid = pg_catalog.pg_class.relnamespace 
WHERE pg_catalog.pg_class.relname = %(table_name)s AND pg_catalog.pg_class.relkind = ANY (ARRAY[%(param_1)s, %(param_2)s, %(param_3)s, %(param_4)s, %(param_5)s]) AND pg_catalog.pg_table_is_visible(pg_catalog.pg_class.oid) AND pg_catalog.pg_namespace.nspname != %(nspname_1)s
2025-05-15 01:53:34,412 - sqlalchemy.engine.Engine - INFO - [cached since 0.276s ago] {'table_name': 'habit_logs', 'param_1': 'r', 'param_2': 'p', 'param_3': 'f', 'param_4': 'v', 'param_5': 'm', 'nspname_1': 'pg_catalog'}
2025-05-15 01:53:34,483 - sqlalchemy.engine.Engine - INFO - SELECT pg_catalog.pg_class.relname 
FROM pg_catalog.pg_class JOIN pg_catalog.pg_namespace ON pg_catalog.pg_namespace.oid = pg_catalog.pg_class.relnamespace 
WHERE pg_catalog.pg_class.relname = %(table_name)s AND pg_catalog.pg_class.relkind = ANY (ARRAY[%(param_1)s, %(param_2)s, %(param_3)s, %(param_4)s, %(param_5)s]) AND pg_catalog.pg_table_is_visible(pg_catalog.pg_class.oid) AND pg_catalog.pg_namespace.nspname != %(nspname_1)s
2025-05-15 01:53:34,484 - sqlalchemy.engine.Engine - INFO - [cached since 0.3478s ago] {'table_name': 'goals', 'param_1': 'r', 'param_2': 'p', 'param_3': 'f', 'param_4': 'v', 'param_5': 'm', 'nspname_1': 'pg_catalog'}
2025-05-15 01:53:34,551 - sqlalchemy.engine.Engine - INFO - COMMIT
2025-05-15 01:53:34,618 - root - INFO - Database tables created successfully
2025-05-15 01:53:34,640 - root - INFO - Starting up Journal API
2025-05-15 01:53:34,641 - root - ERROR - Database connection test failed: Not an executable object: 'SELECT 1'
2025-05-15 01:53:34,643 - root - DEBUG - Stack trace: Traceback (most recent call last):
  File "C:\Users\kanaka\AppData\Local\Programs\Python\Python313\Lib\site-packages\sqlalchemy\engine\base.py", line 1411, in execute
    meth = statement._execute_on_connection
           ^^^^^^^^^^^^^^^^^^^^^^^^^^^^^^^^
AttributeError: 'str' object has no attribute '_execute_on_connection'

The above exception was the direct cause of the following exception:

Traceback (most recent call last):
  File "C:\Users\kanaka\Documents\kannect\kannect-journal-service\app\main.py", line 58, in startup_event
    conn.execute("SELECT 1")
    ~~~~~~~~~~~~^^^^^^^^^^^^
  File "C:\Users\kanaka\AppData\Local\Programs\Python\Python313\Lib\site-packages\sqlalchemy\engine\base.py", line 1413, in execute
    raise exc.ObjectNotExecutableError(statement) from err
sqlalchemy.exc.ObjectNotExecutableError: Not an executable object: 'SELECT 1'

2025-05-15 01:54:02,102 - root - INFO - Shutting down Journal API
2025-05-15 01:54:07,085 - sqlalchemy.engine.Engine - INFO - select pg_catalog.version()
2025-05-15 01:54:07,086 - sqlalchemy.engine.Engine - INFO - [raw sql] {}
2025-05-15 01:54:07,215 - sqlalchemy.engine.Engine - INFO - select current_schema()
2025-05-15 01:54:07,216 - sqlalchemy.engine.Engine - INFO - [raw sql] {}
2025-05-15 01:54:07,349 - sqlalchemy.engine.Engine - INFO - show standard_conforming_strings
2025-05-15 01:54:07,349 - sqlalchemy.engine.Engine - INFO - [raw sql] {}
2025-05-15 01:54:07,540 - sqlalchemy.engine.Engine - INFO - BEGIN (implicit)
2025-05-15 01:54:07,549 - sqlalchemy.engine.Engine - INFO - SELECT pg_catalog.pg_class.relname 
FROM pg_catalog.pg_class JOIN pg_catalog.pg_namespace ON pg_catalog.pg_namespace.oid = pg_catalog.pg_class.relnamespace 
WHERE pg_catalog.pg_class.relname = %(table_name)s AND pg_catalog.pg_class.relkind = ANY (ARRAY[%(param_1)s, %(param_2)s, %(param_3)s, %(param_4)s, %(param_5)s]) AND pg_catalog.pg_table_is_visible(pg_catalog.pg_class.oid) AND pg_catalog.pg_namespace.nspname != %(nspname_1)s
2025-05-15 01:54:07,550 - sqlalchemy.engine.Engine - INFO - [generated in 0.00127s] {'table_name': 'users', 'param_1': 'r', 'param_2': 'p', 'param_3': 'f', 'param_4': 'v', 'param_5': 'm', 'nspname_1': 'pg_catalog'}
2025-05-15 01:54:07,686 - sqlalchemy.engine.Engine - INFO - SELECT pg_catalog.pg_class.relname 
FROM pg_catalog.pg_class JOIN pg_catalog.pg_namespace ON pg_catalog.pg_namespace.oid = pg_catalog.pg_class.relnamespace 
WHERE pg_catalog.pg_class.relname = %(table_name)s AND pg_catalog.pg_class.relkind = ANY (ARRAY[%(param_1)s, %(param_2)s, %(param_3)s, %(param_4)s, %(param_5)s]) AND pg_catalog.pg_table_is_visible(pg_catalog.pg_class.oid) AND pg_catalog.pg_namespace.nspname != %(nspname_1)s
2025-05-15 01:54:07,687 - sqlalchemy.engine.Engine - INFO - [cached since 0.1388s ago] {'table_name': 'journal_entries', 'param_1': 'r', 'param_2': 'p', 'param_3': 'f', 'param_4': 'v', 'param_5': 'm', 'nspname_1': 'pg_catalog'}
2025-05-15 01:54:07,750 - sqlalchemy.engine.Engine - INFO - SELECT pg_catalog.pg_class.relname 
FROM pg_catalog.pg_class JOIN pg_catalog.pg_namespace ON pg_catalog.pg_namespace.oid = pg_catalog.pg_class.relnamespace 
WHERE pg_catalog.pg_class.relname = %(table_name)s AND pg_catalog.pg_class.relkind = ANY (ARRAY[%(param_1)s, %(param_2)s, %(param_3)s, %(param_4)s, %(param_5)s]) AND pg_catalog.pg_table_is_visible(pg_catalog.pg_class.oid) AND pg_catalog.pg_namespace.nspname != %(nspname_1)s
2025-05-15 01:54:07,751 - sqlalchemy.engine.Engine - INFO - [cached since 0.2027s ago] {'table_name': 'habits', 'param_1': 'r', 'param_2': 'p', 'param_3': 'f', 'param_4': 'v', 'param_5': 'm', 'nspname_1': 'pg_catalog'}
2025-05-15 01:54:07,840 - sqlalchemy.engine.Engine - INFO - SELECT pg_catalog.pg_class.relname 
FROM pg_catalog.pg_class JOIN pg_catalog.pg_namespace ON pg_catalog.pg_namespace.oid = pg_catalog.pg_class.relnamespace 
WHERE pg_catalog.pg_class.relname = %(table_name)s AND pg_catalog.pg_class.relkind = ANY (ARRAY[%(param_1)s, %(param_2)s, %(param_3)s, %(param_4)s, %(param_5)s]) AND pg_catalog.pg_table_is_visible(pg_catalog.pg_class.oid) AND pg_catalog.pg_namespace.nspname != %(nspname_1)s
2025-05-15 01:54:07,841 - sqlalchemy.engine.Engine - INFO - [cached since 0.2924s ago] {'table_name': 'habit_logs', 'param_1': 'r', 'param_2': 'p', 'param_3': 'f', 'param_4': 'v', 'param_5': 'm', 'nspname_1': 'pg_catalog'}
2025-05-15 01:54:07,909 - sqlalchemy.engine.Engine - INFO - SELECT pg_catalog.pg_class.relname 
FROM pg_catalog.pg_class JOIN pg_catalog.pg_namespace ON pg_catalog.pg_namespace.oid = pg_catalog.pg_class.relnamespace 
WHERE pg_catalog.pg_class.relname = %(table_name)s AND pg_catalog.pg_class.relkind = ANY (ARRAY[%(param_1)s, %(param_2)s, %(param_3)s, %(param_4)s, %(param_5)s]) AND pg_catalog.pg_table_is_visible(pg_catalog.pg_class.oid) AND pg_catalog.pg_namespace.nspname != %(nspname_1)s
2025-05-15 01:54:07,909 - sqlalchemy.engine.Engine - INFO - [cached since 0.361s ago] {'table_name': 'goals', 'param_1': 'r', 'param_2': 'p', 'param_3': 'f', 'param_4': 'v', 'param_5': 'm', 'nspname_1': 'pg_catalog'}
2025-05-15 01:54:07,973 - sqlalchemy.engine.Engine - INFO - COMMIT
2025-05-15 01:54:08,036 - root - INFO - Database tables created successfully
2025-05-15 01:54:08,058 - root - INFO - Starting up Journal API
2025-05-15 01:54:08,059 - root - ERROR - Database connection test failed: Not an executable object: 'SELECT 1'
2025-05-15 01:54:08,062 - root - DEBUG - Stack trace: Traceback (most recent call last):
  File "C:\Users\kanaka\AppData\Local\Programs\Python\Python313\Lib\site-packages\sqlalchemy\engine\base.py", line 1411, in execute
    meth = statement._execute_on_connection
           ^^^^^^^^^^^^^^^^^^^^^^^^^^^^^^^^
AttributeError: 'str' object has no attribute '_execute_on_connection'

The above exception was the direct cause of the following exception:

Traceback (most recent call last):
  File "C:\Users\kanaka\Documents\kannect\kannect-journal-service\app\main.py", line 58, in startup_event
    conn.execute("SELECT 1")
    ~~~~~~~~~~~~^^^^^^^^^^^^
  File "C:\Users\kanaka\AppData\Local\Programs\Python\Python313\Lib\site-packages\sqlalchemy\engine\base.py", line 1413, in execute
    raise exc.ObjectNotExecutableError(statement) from err
sqlalchemy.exc.ObjectNotExecutableError: Not an executable object: 'SELECT 1'

2025-05-15 01:54:27,787 - root - INFO - Shutting down Journal API
2025-05-15 01:54:35,544 - sqlalchemy.engine.Engine - INFO - select pg_catalog.version()
2025-05-15 01:54:35,545 - sqlalchemy.engine.Engine - INFO - [raw sql] {}
2025-05-15 01:54:35,670 - sqlalchemy.engine.Engine - INFO - select current_schema()
2025-05-15 01:54:35,672 - sqlalchemy.engine.Engine - INFO - [raw sql] {}
2025-05-15 01:54:35,802 - sqlalchemy.engine.Engine - INFO - show standard_conforming_strings
2025-05-15 01:54:35,803 - sqlalchemy.engine.Engine - INFO - [raw sql] {}
2025-05-15 01:54:35,925 - sqlalchemy.engine.Engine - INFO - BEGIN (implicit)
2025-05-15 01:54:35,932 - sqlalchemy.engine.Engine - INFO - SELECT pg_catalog.pg_class.relname 
FROM pg_catalog.pg_class JOIN pg_catalog.pg_namespace ON pg_catalog.pg_namespace.oid = pg_catalog.pg_class.relnamespace 
WHERE pg_catalog.pg_class.relname = %(table_name)s AND pg_catalog.pg_class.relkind = ANY (ARRAY[%(param_1)s, %(param_2)s, %(param_3)s, %(param_4)s, %(param_5)s]) AND pg_catalog.pg_table_is_visible(pg_catalog.pg_class.oid) AND pg_catalog.pg_namespace.nspname != %(nspname_1)s
2025-05-15 01:54:35,933 - sqlalchemy.engine.Engine - INFO - [generated in 0.00090s] {'table_name': 'users', 'param_1': 'r', 'param_2': 'p', 'param_3': 'f', 'param_4': 'v', 'param_5': 'm', 'nspname_1': 'pg_catalog'}
2025-05-15 01:54:36,056 - sqlalchemy.engine.Engine - INFO - SELECT pg_catalog.pg_class.relname 
FROM pg_catalog.pg_class JOIN pg_catalog.pg_namespace ON pg_catalog.pg_namespace.oid = pg_catalog.pg_class.relnamespace 
WHERE pg_catalog.pg_class.relname = %(table_name)s AND pg_catalog.pg_class.relkind = ANY (ARRAY[%(param_1)s, %(param_2)s, %(param_3)s, %(param_4)s, %(param_5)s]) AND pg_catalog.pg_table_is_visible(pg_catalog.pg_class.oid) AND pg_catalog.pg_namespace.nspname != %(nspname_1)s
2025-05-15 01:54:36,057 - sqlalchemy.engine.Engine - INFO - [cached since 0.1249s ago] {'table_name': 'journal_entries', 'param_1': 'r', 'param_2': 'p', 'param_3': 'f', 'param_4': 'v', 'param_5': 'm', 'nspname_1': 'pg_catalog'}
2025-05-15 01:54:36,126 - sqlalchemy.engine.Engine - INFO - SELECT pg_catalog.pg_class.relname 
FROM pg_catalog.pg_class JOIN pg_catalog.pg_namespace ON pg_catalog.pg_namespace.oid = pg_catalog.pg_class.relnamespace 
WHERE pg_catalog.pg_class.relname = %(table_name)s AND pg_catalog.pg_class.relkind = ANY (ARRAY[%(param_1)s, %(param_2)s, %(param_3)s, %(param_4)s, %(param_5)s]) AND pg_catalog.pg_table_is_visible(pg_catalog.pg_class.oid) AND pg_catalog.pg_namespace.nspname != %(nspname_1)s
2025-05-15 01:54:36,126 - sqlalchemy.engine.Engine - INFO - [cached since 0.1942s ago] {'table_name': 'habits', 'param_1': 'r', 'param_2': 'p', 'param_3': 'f', 'param_4': 'v', 'param_5': 'm', 'nspname_1': 'pg_catalog'}
2025-05-15 01:54:36,188 - sqlalchemy.engine.Engine - INFO - SELECT pg_catalog.pg_class.relname 
FROM pg_catalog.pg_class JOIN pg_catalog.pg_namespace ON pg_catalog.pg_namespace.oid = pg_catalog.pg_class.relnamespace 
WHERE pg_catalog.pg_class.relname = %(table_name)s AND pg_catalog.pg_class.relkind = ANY (ARRAY[%(param_1)s, %(param_2)s, %(param_3)s, %(param_4)s, %(param_5)s]) AND pg_catalog.pg_table_is_visible(pg_catalog.pg_class.oid) AND pg_catalog.pg_namespace.nspname != %(nspname_1)s
2025-05-15 01:54:36,189 - sqlalchemy.engine.Engine - INFO - [cached since 0.2567s ago] {'table_name': 'habit_logs', 'param_1': 'r', 'param_2': 'p', 'param_3': 'f', 'param_4': 'v', 'param_5': 'm', 'nspname_1': 'pg_catalog'}
2025-05-15 01:54:36,250 - sqlalchemy.engine.Engine - INFO - SELECT pg_catalog.pg_class.relname 
FROM pg_catalog.pg_class JOIN pg_catalog.pg_namespace ON pg_catalog.pg_namespace.oid = pg_catalog.pg_class.relnamespace 
WHERE pg_catalog.pg_class.relname = %(table_name)s AND pg_catalog.pg_class.relkind = ANY (ARRAY[%(param_1)s, %(param_2)s, %(param_3)s, %(param_4)s, %(param_5)s]) AND pg_catalog.pg_table_is_visible(pg_catalog.pg_class.oid) AND pg_catalog.pg_namespace.nspname != %(nspname_1)s
2025-05-15 01:54:36,251 - sqlalchemy.engine.Engine - INFO - [cached since 0.3184s ago] {'table_name': 'goals', 'param_1': 'r', 'param_2': 'p', 'param_3': 'f', 'param_4': 'v', 'param_5': 'm', 'nspname_1': 'pg_catalog'}
2025-05-15 01:54:36,315 - sqlalchemy.engine.Engine - INFO - COMMIT
2025-05-15 01:54:36,378 - root - INFO - Database tables created successfully
2025-05-15 01:54:36,400 - root - INFO - Starting up Journal API
2025-05-15 01:54:36,401 - root - ERROR - Database connection test failed: Not an executable object: 'SELECT 1'
2025-05-15 01:54:36,403 - root - DEBUG - Stack trace: Traceback (most recent call last):
  File "C:\Users\kanaka\AppData\Local\Programs\Python\Python313\Lib\site-packages\sqlalchemy\engine\base.py", line 1411, in execute
    meth = statement._execute_on_connection
           ^^^^^^^^^^^^^^^^^^^^^^^^^^^^^^^^
AttributeError: 'str' object has no attribute '_execute_on_connection'

The above exception was the direct cause of the following exception:

Traceback (most recent call last):
  File "C:\Users\kanaka\Documents\kannect\kannect-journal-service\app\main.py", line 58, in startup_event
    conn.execute("SELECT 1")
    ~~~~~~~~~~~~^^^^^^^^^^^^
  File "C:\Users\kanaka\AppData\Local\Programs\Python\Python313\Lib\site-packages\sqlalchemy\engine\base.py", line 1413, in execute
    raise exc.ObjectNotExecutableError(statement) from err
sqlalchemy.exc.ObjectNotExecutableError: Not an executable object: 'SELECT 1'

2025-05-15 01:55:11,694 - sqlalchemy.engine.Engine - INFO - BEGIN (implicit)
2025-05-15 01:55:11,697 - sqlalchemy.engine.Engine - INFO - SELECT users.id AS users_id, users.email AS users_email, users.user_name AS users_user_name, users.password AS users_password, users.first_name AS users_first_name, users.last_name AS users_last_name, users.department AS users_department, users.tech_stack AS users_tech_stack, users.profile_photo_url AS users_profile_photo_url, users.active AS users_active, users.wallet_balance AS users_wallet_balance, users.last_login AS users_last_login, users.created_at AS users_created_at, users.updated_at AS users_updated_at 
FROM users 
WHERE users.email = %(email_1)s 
 LIMIT %(param_1)s
2025-05-15 01:55:11,698 - sqlalchemy.engine.Engine - INFO - [generated in 0.00055s] {'email_1': 'shreyas', 'param_1': 1}
2025-05-15 01:55:11,820 - sqlalchemy.engine.Engine - INFO - ROLLBACK
2025-05-15 01:55:11,899 - app.core.exceptions - ERROR - Database error: (psycopg2.errors.UndefinedColumn) column users.created_at does not exist
LINE 1: ...et_balance, users.last_login AS users_last_login, users.crea...
                                                             ^

[SQL: SELECT users.id AS users_id, users.email AS users_email, users.user_name AS users_user_name, users.password AS users_password, users.first_name AS users_first_name, users.last_name AS users_last_name, users.department AS users_department, users.tech_stack AS users_tech_stack, users.profile_photo_url AS users_profile_photo_url, users.active AS users_active, users.wallet_balance AS users_wallet_balance, users.last_login AS users_last_login, users.created_at AS users_created_at, users.updated_at AS users_updated_at 
FROM users 
WHERE users.email = %(email_1)s 
 LIMIT %(param_1)s]
[parameters: {'email_1': 'shreyas', 'param_1': 1}]
(Background on this error at: https://sqlalche.me/e/20/f405)
2025-05-15 01:55:11,899 - app.core.exceptions - DEBUG - Stack trace: Traceback (most recent call last):
  File "C:\Users\kanaka\AppData\Local\Programs\Python\Python313\Lib\site-packages\sqlalchemy\engine\base.py", line 1963, in _exec_single_context
    self.dialect.do_execute(
    ~~~~~~~~~~~~~~~~~~~~~~~^
        cursor, str_statement, effective_parameters, context
        ^^^^^^^^^^^^^^^^^^^^^^^^^^^^^^^^^^^^^^^^^^^^^^^^^^^^
    )
    ^
  File "C:\Users\kanaka\AppData\Local\Programs\Python\Python313\Lib\site-packages\sqlalchemy\engine\default.py", line 943, in do_execute
    cursor.execute(statement, parameters)
    ~~~~~~~~~~~~~~^^^^^^^^^^^^^^^^^^^^^^^
psycopg2.errors.UndefinedColumn: column users.created_at does not exist
LINE 1: ...et_balance, users.last_login AS users_last_login, users.crea...
                                                             ^


The above exception was the direct cause of the following exception:

Traceback (most recent call last):
  File "C:\Users\kanaka\AppData\Local\Programs\Python\Python313\Lib\site-packages\starlette\_exception_handler.py", line 42, in wrapped_app
    await app(scope, receive, sender)
  File "C:\Users\kanaka\AppData\Local\Programs\Python\Python313\Lib\site-packages\starlette\routing.py", line 73, in app
    response = await f(request)
               ^^^^^^^^^^^^^^^^
  File "C:\Users\kanaka\AppData\Local\Programs\Python\Python313\Lib\site-packages\fastapi\routing.py", line 291, in app
    solved_result = await solve_dependencies(
                    ^^^^^^^^^^^^^^^^^^^^^^^^^
    ...<6 lines>...
    )
    ^
  File "C:\Users\kanaka\AppData\Local\Programs\Python\Python313\Lib\site-packages\fastapi\dependencies\utils.py", line 638, in solve_dependencies
    solved = await call(**solved_result.values)
             ^^^^^^^^^^^^^^^^^^^^^^^^^^^^^^^^^^
  File "C:\Users\kanaka\Documents\kannect\kannect-journal-service\app\core\dependencies.py", line 42, in get_current_user
    user = db.query(User).filter(User.email == token_data.username).first()
  File "C:\Users\kanaka\AppData\Local\Programs\Python\Python313\Lib\site-packages\sqlalchemy\orm\query.py", line 2759, in first
    return self.limit(1)._iter().first()  # type: ignore
           ~~~~~~~~~~~~~~~~~~~^^
  File "C:\Users\kanaka\AppData\Local\Programs\Python\Python313\Lib\site-packages\sqlalchemy\orm\query.py", line 2857, in _iter
    result: Union[ScalarResult[_T], Result[_T]] = self.session.execute(
                                                  ~~~~~~~~~~~~~~~~~~~~^
        statement,
        ^^^^^^^^^^
        params,
        ^^^^^^^
        execution_options={"_sa_orm_load_options": self.load_options},
        ^^^^^^^^^^^^^^^^^^^^^^^^^^^^^^^^^^^^^^^^^^^^^^^^^^^^^^^^^^^^^^
    )
    ^
  File "C:\Users\kanaka\AppData\Local\Programs\Python\Python313\Lib\site-packages\sqlalchemy\orm\session.py", line 2365, in execute
    return self._execute_internal(
           ~~~~~~~~~~~~~~~~~~~~~~^
        statement,
        ^^^^^^^^^^
    ...<4 lines>...
        _add_event=_add_event,
        ^^^^^^^^^^^^^^^^^^^^^^
    )
    ^
  File "C:\Users\kanaka\AppData\Local\Programs\Python\Python313\Lib\site-packages\sqlalchemy\orm\session.py", line 2251, in _execute_internal
    result: Result[Any] = compile_state_cls.orm_execute_statement(
                          ~~~~~~~~~~~~~~~~~~~~~~~~~~~~~~~~~~~~~~~^
        self,
        ^^^^^
    ...<4 lines>...
        conn,
        ^^^^^
    )
    ^
  File "C:\Users\kanaka\AppData\Local\Programs\Python\Python313\Lib\site-packages\sqlalchemy\orm\context.py", line 306, in orm_execute_statement
    result = conn.execute(
        statement, params or {}, execution_options=execution_options
    )
  File "C:\Users\kanaka\AppData\Local\Programs\Python\Python313\Lib\site-packages\sqlalchemy\engine\base.py", line 1415, in execute
    return meth(
        self,
        distilled_parameters,
        execution_options or NO_OPTIONS,
    )
  File "C:\Users\kanaka\AppData\Local\Programs\Python\Python313\Lib\site-packages\sqlalchemy\sql\elements.py", line 523, in _execute_on_connection
    return connection._execute_clauseelement(
           ~~~~~~~~~~~~~~~~~~~~~~~~~~~~~~~~~^
        self, distilled_params, execution_options
        ^^^^^^^^^^^^^^^^^^^^^^^^^^^^^^^^^^^^^^^^^
    )
    ^
  File "C:\Users\kanaka\AppData\Local\Programs\Python\Python313\Lib\site-packages\sqlalchemy\engine\base.py", line 1637, in _execute_clauseelement
    ret = self._execute_context(
        dialect,
    ...<8 lines>...
        cache_hit=cache_hit,
    )
  File "C:\Users\kanaka\AppData\Local\Programs\Python\Python313\Lib\site-packages\sqlalchemy\engine\base.py", line 1842, in _execute_context
    return self._exec_single_context(
           ~~~~~~~~~~~~~~~~~~~~~~~~~^
        dialect, context, statement, parameters
        ^^^^^^^^^^^^^^^^^^^^^^^^^^^^^^^^^^^^^^^
    )
    ^
  File "C:\Users\kanaka\AppData\Local\Programs\Python\Python313\Lib\site-packages\sqlalchemy\engine\base.py", line 1982, in _exec_single_context
    self._handle_dbapi_exception(
    ~~~~~~~~~~~~~~~~~~~~~~~~~~~~^
        e, str_statement, effective_parameters, cursor, context
        ^^^^^^^^^^^^^^^^^^^^^^^^^^^^^^^^^^^^^^^^^^^^^^^^^^^^^^^
    )
    ^
  File "C:\Users\kanaka\AppData\Local\Programs\Python\Python313\Lib\site-packages\sqlalchemy\engine\base.py", line 2351, in _handle_dbapi_exception
    raise sqlalchemy_exception.with_traceback(exc_info[2]) from e
  File "C:\Users\kanaka\AppData\Local\Programs\Python\Python313\Lib\site-packages\sqlalchemy\engine\base.py", line 1963, in _exec_single_context
    self.dialect.do_execute(
    ~~~~~~~~~~~~~~~~~~~~~~~^
        cursor, str_statement, effective_parameters, context
        ^^^^^^^^^^^^^^^^^^^^^^^^^^^^^^^^^^^^^^^^^^^^^^^^^^^^
    )
    ^
  File "C:\Users\kanaka\AppData\Local\Programs\Python\Python313\Lib\site-packages\sqlalchemy\engine\default.py", line 943, in do_execute
    cursor.execute(statement, parameters)
    ~~~~~~~~~~~~~~^^^^^^^^^^^^^^^^^^^^^^^
sqlalchemy.exc.ProgrammingError: (psycopg2.errors.UndefinedColumn) column users.created_at does not exist
LINE 1: ...et_balance, users.last_login AS users_last_login, users.crea...
                                                             ^

[SQL: SELECT users.id AS users_id, users.email AS users_email, users.user_name AS users_user_name, users.password AS users_password, users.first_name AS users_first_name, users.last_name AS users_last_name, users.department AS users_department, users.tech_stack AS users_tech_stack, users.profile_photo_url AS users_profile_photo_url, users.active AS users_active, users.wallet_balance AS users_wallet_balance, users.last_login AS users_last_login, users.created_at AS users_created_at, users.updated_at AS users_updated_at 
FROM users 
WHERE users.email = %(email_1)s 
 LIMIT %(param_1)s]
[parameters: {'email_1': 'shreyas', 'param_1': 1}]
(Background on this error at: https://sqlalche.me/e/20/f405)

2025-05-15 01:55:11,900 - app.core.exceptions - DEBUG - Request method: POST
2025-05-15 01:55:11,900 - app.core.exceptions - DEBUG - Request URL: http://localhost:8000/api/v1/journal/
2025-05-15 01:55:11,900 - app.core.exceptions - DEBUG - Request headers: Headers({'authorization': 'Bearer eyJhbGciOiJIUzI1NiJ9.eyJyb2xlcyI6WyJST0xFX0FETUlOIl0sInN1YiI6InNocmV5YXMiLCJpYXQiOjE3NDcyNTI5MzYsImV4cCI6MTc0NzI1NjUzNn0.hExjEtvOt_c17Ng94SX-szDsIjFganbNW2HDe3sDUcg', 'content-type': 'application/json', 'user-agent': 'PostmanRuntime/7.43.4', 'accept': '*/*', 'postman-token': 'e0e2528a-0f93-4c08-ba8e-fdf8b5b9adac', 'accept-encoding': 'gzip, deflate, br', 'connection': 'keep-alive', 'content-length': '97', 'referer': 'http://localhost:8000/api/v1/journal', 'host': 'localhost:8000'})
2025-05-15 02:01:34,966 - root - INFO - Shutting down Journal API
2025-05-15 02:01:38,036 - sqlalchemy.engine.Engine - INFO - select pg_catalog.version()
2025-05-15 02:01:38,037 - sqlalchemy.engine.Engine - INFO - [raw sql] {}
2025-05-15 02:01:38,166 - sqlalchemy.engine.Engine - INFO - select current_schema()
2025-05-15 02:01:38,167 - sqlalchemy.engine.Engine - INFO - [raw sql] {}
2025-05-15 02:01:38,292 - sqlalchemy.engine.Engine - INFO - show standard_conforming_strings
2025-05-15 02:01:38,293 - sqlalchemy.engine.Engine - INFO - [raw sql] {}
2025-05-15 02:01:38,421 - sqlalchemy.engine.Engine - INFO - BEGIN (implicit)
2025-05-15 02:01:38,428 - sqlalchemy.engine.Engine - INFO - SELECT pg_catalog.pg_class.relname 
FROM pg_catalog.pg_class JOIN pg_catalog.pg_namespace ON pg_catalog.pg_namespace.oid = pg_catalog.pg_class.relnamespace 
WHERE pg_catalog.pg_class.relname = %(table_name)s AND pg_catalog.pg_class.relkind = ANY (ARRAY[%(param_1)s, %(param_2)s, %(param_3)s, %(param_4)s, %(param_5)s]) AND pg_catalog.pg_table_is_visible(pg_catalog.pg_class.oid) AND pg_catalog.pg_namespace.nspname != %(nspname_1)s
2025-05-15 02:01:38,429 - sqlalchemy.engine.Engine - INFO - [generated in 0.00090s] {'table_name': 'user_roles', 'param_1': 'r', 'param_2': 'p', 'param_3': 'f', 'param_4': 'v', 'param_5': 'm', 'nspname_1': 'pg_catalog'}
2025-05-15 02:01:38,562 - sqlalchemy.engine.Engine - INFO - SELECT pg_catalog.pg_class.relname 
FROM pg_catalog.pg_class JOIN pg_catalog.pg_namespace ON pg_catalog.pg_namespace.oid = pg_catalog.pg_class.relnamespace 
WHERE pg_catalog.pg_class.relname = %(table_name)s AND pg_catalog.pg_class.relkind = ANY (ARRAY[%(param_1)s, %(param_2)s, %(param_3)s, %(param_4)s, %(param_5)s]) AND pg_catalog.pg_table_is_visible(pg_catalog.pg_class.oid) AND pg_catalog.pg_namespace.nspname != %(nspname_1)s
2025-05-15 02:01:38,562 - sqlalchemy.engine.Engine - INFO - [cached since 0.1341s ago] {'table_name': 'roles', 'param_1': 'r', 'param_2': 'p', 'param_3': 'f', 'param_4': 'v', 'param_5': 'm', 'nspname_1': 'pg_catalog'}
2025-05-15 02:01:38,633 - sqlalchemy.engine.Engine - INFO - SELECT pg_catalog.pg_class.relname 
FROM pg_catalog.pg_class JOIN pg_catalog.pg_namespace ON pg_catalog.pg_namespace.oid = pg_catalog.pg_class.relnamespace 
WHERE pg_catalog.pg_class.relname = %(table_name)s AND pg_catalog.pg_class.relkind = ANY (ARRAY[%(param_1)s, %(param_2)s, %(param_3)s, %(param_4)s, %(param_5)s]) AND pg_catalog.pg_table_is_visible(pg_catalog.pg_class.oid) AND pg_catalog.pg_namespace.nspname != %(nspname_1)s
2025-05-15 02:01:38,634 - sqlalchemy.engine.Engine - INFO - [cached since 0.2059s ago] {'table_name': 'users', 'param_1': 'r', 'param_2': 'p', 'param_3': 'f', 'param_4': 'v', 'param_5': 'm', 'nspname_1': 'pg_catalog'}
2025-05-15 02:01:38,718 - sqlalchemy.engine.Engine - INFO - SELECT pg_catalog.pg_class.relname 
FROM pg_catalog.pg_class JOIN pg_catalog.pg_namespace ON pg_catalog.pg_namespace.oid = pg_catalog.pg_class.relnamespace 
WHERE pg_catalog.pg_class.relname = %(table_name)s AND pg_catalog.pg_class.relkind = ANY (ARRAY[%(param_1)s, %(param_2)s, %(param_3)s, %(param_4)s, %(param_5)s]) AND pg_catalog.pg_table_is_visible(pg_catalog.pg_class.oid) AND pg_catalog.pg_namespace.nspname != %(nspname_1)s
2025-05-15 02:01:38,718 - sqlalchemy.engine.Engine - INFO - [cached since 0.29s ago] {'table_name': 'journal_entries', 'param_1': 'r', 'param_2': 'p', 'param_3': 'f', 'param_4': 'v', 'param_5': 'm', 'nspname_1': 'pg_catalog'}
2025-05-15 02:01:38,785 - sqlalchemy.engine.Engine - INFO - SELECT pg_catalog.pg_class.relname 
FROM pg_catalog.pg_class JOIN pg_catalog.pg_namespace ON pg_catalog.pg_namespace.oid = pg_catalog.pg_class.relnamespace 
WHERE pg_catalog.pg_class.relname = %(table_name)s AND pg_catalog.pg_class.relkind = ANY (ARRAY[%(param_1)s, %(param_2)s, %(param_3)s, %(param_4)s, %(param_5)s]) AND pg_catalog.pg_table_is_visible(pg_catalog.pg_class.oid) AND pg_catalog.pg_namespace.nspname != %(nspname_1)s
2025-05-15 02:01:38,787 - sqlalchemy.engine.Engine - INFO - [cached since 0.3591s ago] {'table_name': 'habits', 'param_1': 'r', 'param_2': 'p', 'param_3': 'f', 'param_4': 'v', 'param_5': 'm', 'nspname_1': 'pg_catalog'}
2025-05-15 02:01:38,850 - sqlalchemy.engine.Engine - INFO - SELECT pg_catalog.pg_class.relname 
FROM pg_catalog.pg_class JOIN pg_catalog.pg_namespace ON pg_catalog.pg_namespace.oid = pg_catalog.pg_class.relnamespace 
WHERE pg_catalog.pg_class.relname = %(table_name)s AND pg_catalog.pg_class.relkind = ANY (ARRAY[%(param_1)s, %(param_2)s, %(param_3)s, %(param_4)s, %(param_5)s]) AND pg_catalog.pg_table_is_visible(pg_catalog.pg_class.oid) AND pg_catalog.pg_namespace.nspname != %(nspname_1)s
2025-05-15 02:01:38,851 - sqlalchemy.engine.Engine - INFO - [cached since 0.423s ago] {'table_name': 'habit_logs', 'param_1': 'r', 'param_2': 'p', 'param_3': 'f', 'param_4': 'v', 'param_5': 'm', 'nspname_1': 'pg_catalog'}
2025-05-15 02:01:38,916 - sqlalchemy.engine.Engine - INFO - SELECT pg_catalog.pg_class.relname 
FROM pg_catalog.pg_class JOIN pg_catalog.pg_namespace ON pg_catalog.pg_namespace.oid = pg_catalog.pg_class.relnamespace 
WHERE pg_catalog.pg_class.relname = %(table_name)s AND pg_catalog.pg_class.relkind = ANY (ARRAY[%(param_1)s, %(param_2)s, %(param_3)s, %(param_4)s, %(param_5)s]) AND pg_catalog.pg_table_is_visible(pg_catalog.pg_class.oid) AND pg_catalog.pg_namespace.nspname != %(nspname_1)s
2025-05-15 02:01:38,916 - sqlalchemy.engine.Engine - INFO - [cached since 0.4879s ago] {'table_name': 'goals', 'param_1': 'r', 'param_2': 'p', 'param_3': 'f', 'param_4': 'v', 'param_5': 'm', 'nspname_1': 'pg_catalog'}
2025-05-15 02:01:38,980 - sqlalchemy.engine.Engine - INFO - COMMIT
2025-05-15 02:01:39,048 - root - INFO - Database tables created successfully
2025-05-15 02:01:39,067 - root - INFO - Starting up Journal API
2025-05-15 02:01:39,068 - root - ERROR - Database connection test failed: Not an executable object: 'SELECT 1'
2025-05-15 02:01:39,070 - root - DEBUG - Stack trace: Traceback (most recent call last):
  File "C:\Users\kanaka\AppData\Local\Programs\Python\Python313\Lib\site-packages\sqlalchemy\engine\base.py", line 1411, in execute
    meth = statement._execute_on_connection
           ^^^^^^^^^^^^^^^^^^^^^^^^^^^^^^^^
AttributeError: 'str' object has no attribute '_execute_on_connection'

The above exception was the direct cause of the following exception:

Traceback (most recent call last):
  File "C:\Users\kanaka\Documents\kannect\kannect-journal-service\app\main.py", line 58, in startup_event
    conn.execute("SELECT 1")
    ~~~~~~~~~~~~^^^^^^^^^^^^
  File "C:\Users\kanaka\AppData\Local\Programs\Python\Python313\Lib\site-packages\sqlalchemy\engine\base.py", line 1413, in execute
    raise exc.ObjectNotExecutableError(statement) from err
sqlalchemy.exc.ObjectNotExecutableError: Not an executable object: 'SELECT 1'

2025-05-15 02:01:51,483 - root - INFO - Shutting down Journal API
2025-05-15 02:01:54,183 - sqlalchemy.engine.Engine - INFO - select pg_catalog.version()
2025-05-15 02:01:54,184 - sqlalchemy.engine.Engine - INFO - [raw sql] {}
2025-05-15 02:01:54,310 - sqlalchemy.engine.Engine - INFO - select current_schema()
2025-05-15 02:01:54,311 - sqlalchemy.engine.Engine - INFO - [raw sql] {}
2025-05-15 02:01:54,438 - sqlalchemy.engine.Engine - INFO - show standard_conforming_strings
2025-05-15 02:01:54,438 - sqlalchemy.engine.Engine - INFO - [raw sql] {}
2025-05-15 02:01:54,565 - sqlalchemy.engine.Engine - INFO - BEGIN (implicit)
2025-05-15 02:01:54,569 - sqlalchemy.engine.Engine - INFO - SELECT pg_catalog.pg_class.relname 
FROM pg_catalog.pg_class JOIN pg_catalog.pg_namespace ON pg_catalog.pg_namespace.oid = pg_catalog.pg_class.relnamespace 
WHERE pg_catalog.pg_class.relname = %(table_name)s AND pg_catalog.pg_class.relkind = ANY (ARRAY[%(param_1)s, %(param_2)s, %(param_3)s, %(param_4)s, %(param_5)s]) AND pg_catalog.pg_table_is_visible(pg_catalog.pg_class.oid) AND pg_catalog.pg_namespace.nspname != %(nspname_1)s
2025-05-15 02:01:54,570 - sqlalchemy.engine.Engine - INFO - [generated in 0.00056s] {'table_name': 'user_roles', 'param_1': 'r', 'param_2': 'p', 'param_3': 'f', 'param_4': 'v', 'param_5': 'm', 'nspname_1': 'pg_catalog'}
2025-05-15 02:01:54,697 - sqlalchemy.engine.Engine - INFO - SELECT pg_catalog.pg_class.relname 
FROM pg_catalog.pg_class JOIN pg_catalog.pg_namespace ON pg_catalog.pg_namespace.oid = pg_catalog.pg_class.relnamespace 
WHERE pg_catalog.pg_class.relname = %(table_name)s AND pg_catalog.pg_class.relkind = ANY (ARRAY[%(param_1)s, %(param_2)s, %(param_3)s, %(param_4)s, %(param_5)s]) AND pg_catalog.pg_table_is_visible(pg_catalog.pg_class.oid) AND pg_catalog.pg_namespace.nspname != %(nspname_1)s
2025-05-15 02:01:54,698 - sqlalchemy.engine.Engine - INFO - [cached since 0.1287s ago] {'table_name': 'roles', 'param_1': 'r', 'param_2': 'p', 'param_3': 'f', 'param_4': 'v', 'param_5': 'm', 'nspname_1': 'pg_catalog'}
2025-05-15 02:01:54,762 - sqlalchemy.engine.Engine - INFO - SELECT pg_catalog.pg_class.relname 
FROM pg_catalog.pg_class JOIN pg_catalog.pg_namespace ON pg_catalog.pg_namespace.oid = pg_catalog.pg_class.relnamespace 
WHERE pg_catalog.pg_class.relname = %(table_name)s AND pg_catalog.pg_class.relkind = ANY (ARRAY[%(param_1)s, %(param_2)s, %(param_3)s, %(param_4)s, %(param_5)s]) AND pg_catalog.pg_table_is_visible(pg_catalog.pg_class.oid) AND pg_catalog.pg_namespace.nspname != %(nspname_1)s
2025-05-15 02:01:54,762 - sqlalchemy.engine.Engine - INFO - [cached since 0.1932s ago] {'table_name': 'users', 'param_1': 'r', 'param_2': 'p', 'param_3': 'f', 'param_4': 'v', 'param_5': 'm', 'nspname_1': 'pg_catalog'}
2025-05-15 02:01:54,832 - sqlalchemy.engine.Engine - INFO - SELECT pg_catalog.pg_class.relname 
FROM pg_catalog.pg_class JOIN pg_catalog.pg_namespace ON pg_catalog.pg_namespace.oid = pg_catalog.pg_class.relnamespace 
WHERE pg_catalog.pg_class.relname = %(table_name)s AND pg_catalog.pg_class.relkind = ANY (ARRAY[%(param_1)s, %(param_2)s, %(param_3)s, %(param_4)s, %(param_5)s]) AND pg_catalog.pg_table_is_visible(pg_catalog.pg_class.oid) AND pg_catalog.pg_namespace.nspname != %(nspname_1)s
2025-05-15 02:01:54,832 - sqlalchemy.engine.Engine - INFO - [cached since 0.2631s ago] {'table_name': 'journal_entries', 'param_1': 'r', 'param_2': 'p', 'param_3': 'f', 'param_4': 'v', 'param_5': 'm', 'nspname_1': 'pg_catalog'}
2025-05-15 02:01:54,897 - sqlalchemy.engine.Engine - INFO - SELECT pg_catalog.pg_class.relname 
FROM pg_catalog.pg_class JOIN pg_catalog.pg_namespace ON pg_catalog.pg_namespace.oid = pg_catalog.pg_class.relnamespace 
WHERE pg_catalog.pg_class.relname = %(table_name)s AND pg_catalog.pg_class.relkind = ANY (ARRAY[%(param_1)s, %(param_2)s, %(param_3)s, %(param_4)s, %(param_5)s]) AND pg_catalog.pg_table_is_visible(pg_catalog.pg_class.oid) AND pg_catalog.pg_namespace.nspname != %(nspname_1)s
2025-05-15 02:01:54,897 - sqlalchemy.engine.Engine - INFO - [cached since 0.3281s ago] {'table_name': 'habits', 'param_1': 'r', 'param_2': 'p', 'param_3': 'f', 'param_4': 'v', 'param_5': 'm', 'nspname_1': 'pg_catalog'}
2025-05-15 02:01:54,963 - sqlalchemy.engine.Engine - INFO - SELECT pg_catalog.pg_class.relname 
FROM pg_catalog.pg_class JOIN pg_catalog.pg_namespace ON pg_catalog.pg_namespace.oid = pg_catalog.pg_class.relnamespace 
WHERE pg_catalog.pg_class.relname = %(table_name)s AND pg_catalog.pg_class.relkind = ANY (ARRAY[%(param_1)s, %(param_2)s, %(param_3)s, %(param_4)s, %(param_5)s]) AND pg_catalog.pg_table_is_visible(pg_catalog.pg_class.oid) AND pg_catalog.pg_namespace.nspname != %(nspname_1)s
2025-05-15 02:01:54,963 - sqlalchemy.engine.Engine - INFO - [cached since 0.3942s ago] {'table_name': 'habit_logs', 'param_1': 'r', 'param_2': 'p', 'param_3': 'f', 'param_4': 'v', 'param_5': 'm', 'nspname_1': 'pg_catalog'}
2025-05-15 02:01:55,027 - sqlalchemy.engine.Engine - INFO - SELECT pg_catalog.pg_class.relname 
FROM pg_catalog.pg_class JOIN pg_catalog.pg_namespace ON pg_catalog.pg_namespace.oid = pg_catalog.pg_class.relnamespace 
WHERE pg_catalog.pg_class.relname = %(table_name)s AND pg_catalog.pg_class.relkind = ANY (ARRAY[%(param_1)s, %(param_2)s, %(param_3)s, %(param_4)s, %(param_5)s]) AND pg_catalog.pg_table_is_visible(pg_catalog.pg_class.oid) AND pg_catalog.pg_namespace.nspname != %(nspname_1)s
2025-05-15 02:01:55,028 - sqlalchemy.engine.Engine - INFO - [cached since 0.4585s ago] {'table_name': 'goals', 'param_1': 'r', 'param_2': 'p', 'param_3': 'f', 'param_4': 'v', 'param_5': 'm', 'nspname_1': 'pg_catalog'}
2025-05-15 02:01:55,092 - sqlalchemy.engine.Engine - INFO - COMMIT
2025-05-15 02:01:55,156 - root - INFO - Database tables created successfully
2025-05-15 02:01:55,177 - root - INFO - Starting up Journal API
2025-05-15 02:01:55,177 - root - ERROR - Database connection test failed: Not an executable object: 'SELECT 1'
2025-05-15 02:01:55,179 - root - DEBUG - Stack trace: Traceback (most recent call last):
  File "C:\Users\kanaka\AppData\Local\Programs\Python\Python313\Lib\site-packages\sqlalchemy\engine\base.py", line 1411, in execute
    meth = statement._execute_on_connection
           ^^^^^^^^^^^^^^^^^^^^^^^^^^^^^^^^
AttributeError: 'str' object has no attribute '_execute_on_connection'

The above exception was the direct cause of the following exception:

Traceback (most recent call last):
  File "C:\Users\kanaka\Documents\kannect\kannect-journal-service\app\main.py", line 58, in startup_event
    conn.execute("SELECT 1")
    ~~~~~~~~~~~~^^^^^^^^^^^^
  File "C:\Users\kanaka\AppData\Local\Programs\Python\Python313\Lib\site-packages\sqlalchemy\engine\base.py", line 1413, in execute
    raise exc.ObjectNotExecutableError(statement) from err
sqlalchemy.exc.ObjectNotExecutableError: Not an executable object: 'SELECT 1'

2025-05-15 02:02:11,176 - root - INFO - Shutting down Journal API
2025-05-15 02:02:14,494 - sqlalchemy.engine.Engine - INFO - select pg_catalog.version()
2025-05-15 02:02:14,495 - sqlalchemy.engine.Engine - INFO - [raw sql] {}
2025-05-15 02:02:14,638 - sqlalchemy.engine.Engine - INFO - select current_schema()
2025-05-15 02:02:14,639 - sqlalchemy.engine.Engine - INFO - [raw sql] {}
2025-05-15 02:02:14,765 - sqlalchemy.engine.Engine - INFO - show standard_conforming_strings
2025-05-15 02:02:14,766 - sqlalchemy.engine.Engine - INFO - [raw sql] {}
2025-05-15 02:02:14,893 - sqlalchemy.engine.Engine - INFO - BEGIN (implicit)
2025-05-15 02:02:14,899 - sqlalchemy.engine.Engine - INFO - SELECT pg_catalog.pg_class.relname 
FROM pg_catalog.pg_class JOIN pg_catalog.pg_namespace ON pg_catalog.pg_namespace.oid = pg_catalog.pg_class.relnamespace 
WHERE pg_catalog.pg_class.relname = %(table_name)s AND pg_catalog.pg_class.relkind = ANY (ARRAY[%(param_1)s, %(param_2)s, %(param_3)s, %(param_4)s, %(param_5)s]) AND pg_catalog.pg_table_is_visible(pg_catalog.pg_class.oid) AND pg_catalog.pg_namespace.nspname != %(nspname_1)s
2025-05-15 02:02:14,899 - sqlalchemy.engine.Engine - INFO - [generated in 0.00063s] {'table_name': 'user_roles', 'param_1': 'r', 'param_2': 'p', 'param_3': 'f', 'param_4': 'v', 'param_5': 'm', 'nspname_1': 'pg_catalog'}
2025-05-15 02:02:15,027 - sqlalchemy.engine.Engine - INFO - SELECT pg_catalog.pg_class.relname 
FROM pg_catalog.pg_class JOIN pg_catalog.pg_namespace ON pg_catalog.pg_namespace.oid = pg_catalog.pg_class.relnamespace 
WHERE pg_catalog.pg_class.relname = %(table_name)s AND pg_catalog.pg_class.relkind = ANY (ARRAY[%(param_1)s, %(param_2)s, %(param_3)s, %(param_4)s, %(param_5)s]) AND pg_catalog.pg_table_is_visible(pg_catalog.pg_class.oid) AND pg_catalog.pg_namespace.nspname != %(nspname_1)s
2025-05-15 02:02:15,028 - sqlalchemy.engine.Engine - INFO - [cached since 0.1292s ago] {'table_name': 'roles', 'param_1': 'r', 'param_2': 'p', 'param_3': 'f', 'param_4': 'v', 'param_5': 'm', 'nspname_1': 'pg_catalog'}
2025-05-15 02:02:15,094 - sqlalchemy.engine.Engine - INFO - SELECT pg_catalog.pg_class.relname 
FROM pg_catalog.pg_class JOIN pg_catalog.pg_namespace ON pg_catalog.pg_namespace.oid = pg_catalog.pg_class.relnamespace 
WHERE pg_catalog.pg_class.relname = %(table_name)s AND pg_catalog.pg_class.relkind = ANY (ARRAY[%(param_1)s, %(param_2)s, %(param_3)s, %(param_4)s, %(param_5)s]) AND pg_catalog.pg_table_is_visible(pg_catalog.pg_class.oid) AND pg_catalog.pg_namespace.nspname != %(nspname_1)s
2025-05-15 02:02:15,095 - sqlalchemy.engine.Engine - INFO - [cached since 0.1958s ago] {'table_name': 'users', 'param_1': 'r', 'param_2': 'p', 'param_3': 'f', 'param_4': 'v', 'param_5': 'm', 'nspname_1': 'pg_catalog'}
2025-05-15 02:02:15,160 - sqlalchemy.engine.Engine - INFO - SELECT pg_catalog.pg_class.relname 
FROM pg_catalog.pg_class JOIN pg_catalog.pg_namespace ON pg_catalog.pg_namespace.oid = pg_catalog.pg_class.relnamespace 
WHERE pg_catalog.pg_class.relname = %(table_name)s AND pg_catalog.pg_class.relkind = ANY (ARRAY[%(param_1)s, %(param_2)s, %(param_3)s, %(param_4)s, %(param_5)s]) AND pg_catalog.pg_table_is_visible(pg_catalog.pg_class.oid) AND pg_catalog.pg_namespace.nspname != %(nspname_1)s
2025-05-15 02:02:15,160 - sqlalchemy.engine.Engine - INFO - [cached since 0.2617s ago] {'table_name': 'journal_entries', 'param_1': 'r', 'param_2': 'p', 'param_3': 'f', 'param_4': 'v', 'param_5': 'm', 'nspname_1': 'pg_catalog'}
2025-05-15 02:02:15,225 - sqlalchemy.engine.Engine - INFO - SELECT pg_catalog.pg_class.relname 
FROM pg_catalog.pg_class JOIN pg_catalog.pg_namespace ON pg_catalog.pg_namespace.oid = pg_catalog.pg_class.relnamespace 
WHERE pg_catalog.pg_class.relname = %(table_name)s AND pg_catalog.pg_class.relkind = ANY (ARRAY[%(param_1)s, %(param_2)s, %(param_3)s, %(param_4)s, %(param_5)s]) AND pg_catalog.pg_table_is_visible(pg_catalog.pg_class.oid) AND pg_catalog.pg_namespace.nspname != %(nspname_1)s
2025-05-15 02:02:15,225 - sqlalchemy.engine.Engine - INFO - [cached since 0.3265s ago] {'table_name': 'habits', 'param_1': 'r', 'param_2': 'p', 'param_3': 'f', 'param_4': 'v', 'param_5': 'm', 'nspname_1': 'pg_catalog'}
2025-05-15 02:02:15,290 - sqlalchemy.engine.Engine - INFO - SELECT pg_catalog.pg_class.relname 
FROM pg_catalog.pg_class JOIN pg_catalog.pg_namespace ON pg_catalog.pg_namespace.oid = pg_catalog.pg_class.relnamespace 
WHERE pg_catalog.pg_class.relname = %(table_name)s AND pg_catalog.pg_class.relkind = ANY (ARRAY[%(param_1)s, %(param_2)s, %(param_3)s, %(param_4)s, %(param_5)s]) AND pg_catalog.pg_table_is_visible(pg_catalog.pg_class.oid) AND pg_catalog.pg_namespace.nspname != %(nspname_1)s
2025-05-15 02:02:15,291 - sqlalchemy.engine.Engine - INFO - [cached since 0.3918s ago] {'table_name': 'habit_logs', 'param_1': 'r', 'param_2': 'p', 'param_3': 'f', 'param_4': 'v', 'param_5': 'm', 'nspname_1': 'pg_catalog'}
2025-05-15 02:02:15,357 - sqlalchemy.engine.Engine - INFO - SELECT pg_catalog.pg_class.relname 
FROM pg_catalog.pg_class JOIN pg_catalog.pg_namespace ON pg_catalog.pg_namespace.oid = pg_catalog.pg_class.relnamespace 
WHERE pg_catalog.pg_class.relname = %(table_name)s AND pg_catalog.pg_class.relkind = ANY (ARRAY[%(param_1)s, %(param_2)s, %(param_3)s, %(param_4)s, %(param_5)s]) AND pg_catalog.pg_table_is_visible(pg_catalog.pg_class.oid) AND pg_catalog.pg_namespace.nspname != %(nspname_1)s
2025-05-15 02:02:15,358 - sqlalchemy.engine.Engine - INFO - [cached since 0.4591s ago] {'table_name': 'goals', 'param_1': 'r', 'param_2': 'p', 'param_3': 'f', 'param_4': 'v', 'param_5': 'm', 'nspname_1': 'pg_catalog'}
2025-05-15 02:02:15,421 - sqlalchemy.engine.Engine - INFO - COMMIT
2025-05-15 02:02:15,485 - root - INFO - Database tables created successfully
2025-05-15 02:02:15,611 - root - INFO - Starting up Journal API
2025-05-15 02:02:15,612 - root - ERROR - Database connection test failed: Not an executable object: 'SELECT 1'
2025-05-15 02:02:15,633 - root - DEBUG - Stack trace: Traceback (most recent call last):
  File "C:\Users\kanaka\AppData\Local\Programs\Python\Python313\Lib\site-packages\sqlalchemy\engine\base.py", line 1411, in execute
    meth = statement._execute_on_connection
           ^^^^^^^^^^^^^^^^^^^^^^^^^^^^^^^^
AttributeError: 'str' object has no attribute '_execute_on_connection'

The above exception was the direct cause of the following exception:

Traceback (most recent call last):
  File "C:\Users\kanaka\Documents\kannect\kannect-journal-service\app\main.py", line 58, in startup_event
    conn.execute("SELECT 1")
    ~~~~~~~~~~~~^^^^^^^^^^^^
  File "C:\Users\kanaka\AppData\Local\Programs\Python\Python313\Lib\site-packages\sqlalchemy\engine\base.py", line 1413, in execute
    raise exc.ObjectNotExecutableError(statement) from err
sqlalchemy.exc.ObjectNotExecutableError: Not an executable object: 'SELECT 1'

2025-05-15 02:02:24,098 - root - INFO - Shutting down Journal API
2025-05-15 02:02:30,252 - sqlalchemy.engine.Engine - INFO - select pg_catalog.version()
2025-05-15 02:02:30,252 - sqlalchemy.engine.Engine - INFO - [raw sql] {}
2025-05-15 02:02:30,382 - sqlalchemy.engine.Engine - INFO - select current_schema()
2025-05-15 02:02:30,382 - sqlalchemy.engine.Engine - INFO - [raw sql] {}
2025-05-15 02:02:30,512 - sqlalchemy.engine.Engine - INFO - show standard_conforming_strings
2025-05-15 02:02:30,513 - sqlalchemy.engine.Engine - INFO - [raw sql] {}
2025-05-15 02:02:30,640 - sqlalchemy.engine.Engine - INFO - BEGIN (implicit)
2025-05-15 02:02:30,645 - sqlalchemy.engine.Engine - INFO - SELECT pg_catalog.pg_class.relname 
FROM pg_catalog.pg_class JOIN pg_catalog.pg_namespace ON pg_catalog.pg_namespace.oid = pg_catalog.pg_class.relnamespace 
WHERE pg_catalog.pg_class.relname = %(table_name)s AND pg_catalog.pg_class.relkind = ANY (ARRAY[%(param_1)s, %(param_2)s, %(param_3)s, %(param_4)s, %(param_5)s]) AND pg_catalog.pg_table_is_visible(pg_catalog.pg_class.oid) AND pg_catalog.pg_namespace.nspname != %(nspname_1)s
2025-05-15 02:02:30,646 - sqlalchemy.engine.Engine - INFO - [generated in 0.00082s] {'table_name': 'user_roles', 'param_1': 'r', 'param_2': 'p', 'param_3': 'f', 'param_4': 'v', 'param_5': 'm', 'nspname_1': 'pg_catalog'}
2025-05-15 02:02:30,777 - sqlalchemy.engine.Engine - INFO - SELECT pg_catalog.pg_class.relname 
FROM pg_catalog.pg_class JOIN pg_catalog.pg_namespace ON pg_catalog.pg_namespace.oid = pg_catalog.pg_class.relnamespace 
WHERE pg_catalog.pg_class.relname = %(table_name)s AND pg_catalog.pg_class.relkind = ANY (ARRAY[%(param_1)s, %(param_2)s, %(param_3)s, %(param_4)s, %(param_5)s]) AND pg_catalog.pg_table_is_visible(pg_catalog.pg_class.oid) AND pg_catalog.pg_namespace.nspname != %(nspname_1)s
2025-05-15 02:02:30,777 - sqlalchemy.engine.Engine - INFO - [cached since 0.1323s ago] {'table_name': 'roles', 'param_1': 'r', 'param_2': 'p', 'param_3': 'f', 'param_4': 'v', 'param_5': 'm', 'nspname_1': 'pg_catalog'}
2025-05-15 02:02:30,841 - sqlalchemy.engine.Engine - INFO - SELECT pg_catalog.pg_class.relname 
FROM pg_catalog.pg_class JOIN pg_catalog.pg_namespace ON pg_catalog.pg_namespace.oid = pg_catalog.pg_class.relnamespace 
WHERE pg_catalog.pg_class.relname = %(table_name)s AND pg_catalog.pg_class.relkind = ANY (ARRAY[%(param_1)s, %(param_2)s, %(param_3)s, %(param_4)s, %(param_5)s]) AND pg_catalog.pg_table_is_visible(pg_catalog.pg_class.oid) AND pg_catalog.pg_namespace.nspname != %(nspname_1)s
2025-05-15 02:02:30,842 - sqlalchemy.engine.Engine - INFO - [cached since 0.1975s ago] {'table_name': 'users', 'param_1': 'r', 'param_2': 'p', 'param_3': 'f', 'param_4': 'v', 'param_5': 'm', 'nspname_1': 'pg_catalog'}
2025-05-15 02:02:30,907 - sqlalchemy.engine.Engine - INFO - SELECT pg_catalog.pg_class.relname 
FROM pg_catalog.pg_class JOIN pg_catalog.pg_namespace ON pg_catalog.pg_namespace.oid = pg_catalog.pg_class.relnamespace 
WHERE pg_catalog.pg_class.relname = %(table_name)s AND pg_catalog.pg_class.relkind = ANY (ARRAY[%(param_1)s, %(param_2)s, %(param_3)s, %(param_4)s, %(param_5)s]) AND pg_catalog.pg_table_is_visible(pg_catalog.pg_class.oid) AND pg_catalog.pg_namespace.nspname != %(nspname_1)s
2025-05-15 02:02:30,907 - sqlalchemy.engine.Engine - INFO - [cached since 0.2627s ago] {'table_name': 'journal_entries', 'param_1': 'r', 'param_2': 'p', 'param_3': 'f', 'param_4': 'v', 'param_5': 'm', 'nspname_1': 'pg_catalog'}
2025-05-15 02:02:30,972 - sqlalchemy.engine.Engine - INFO - SELECT pg_catalog.pg_class.relname 
FROM pg_catalog.pg_class JOIN pg_catalog.pg_namespace ON pg_catalog.pg_namespace.oid = pg_catalog.pg_class.relnamespace 
WHERE pg_catalog.pg_class.relname = %(table_name)s AND pg_catalog.pg_class.relkind = ANY (ARRAY[%(param_1)s, %(param_2)s, %(param_3)s, %(param_4)s, %(param_5)s]) AND pg_catalog.pg_table_is_visible(pg_catalog.pg_class.oid) AND pg_catalog.pg_namespace.nspname != %(nspname_1)s
2025-05-15 02:02:30,972 - sqlalchemy.engine.Engine - INFO - [cached since 0.3274s ago] {'table_name': 'habits', 'param_1': 'r', 'param_2': 'p', 'param_3': 'f', 'param_4': 'v', 'param_5': 'm', 'nspname_1': 'pg_catalog'}
2025-05-15 02:02:31,041 - sqlalchemy.engine.Engine - INFO - SELECT pg_catalog.pg_class.relname 
FROM pg_catalog.pg_class JOIN pg_catalog.pg_namespace ON pg_catalog.pg_namespace.oid = pg_catalog.pg_class.relnamespace 
WHERE pg_catalog.pg_class.relname = %(table_name)s AND pg_catalog.pg_class.relkind = ANY (ARRAY[%(param_1)s, %(param_2)s, %(param_3)s, %(param_4)s, %(param_5)s]) AND pg_catalog.pg_table_is_visible(pg_catalog.pg_class.oid) AND pg_catalog.pg_namespace.nspname != %(nspname_1)s
2025-05-15 02:02:31,041 - sqlalchemy.engine.Engine - INFO - [cached since 0.3967s ago] {'table_name': 'habit_logs', 'param_1': 'r', 'param_2': 'p', 'param_3': 'f', 'param_4': 'v', 'param_5': 'm', 'nspname_1': 'pg_catalog'}
2025-05-15 02:02:31,106 - sqlalchemy.engine.Engine - INFO - SELECT pg_catalog.pg_class.relname 
FROM pg_catalog.pg_class JOIN pg_catalog.pg_namespace ON pg_catalog.pg_namespace.oid = pg_catalog.pg_class.relnamespace 
WHERE pg_catalog.pg_class.relname = %(table_name)s AND pg_catalog.pg_class.relkind = ANY (ARRAY[%(param_1)s, %(param_2)s, %(param_3)s, %(param_4)s, %(param_5)s]) AND pg_catalog.pg_table_is_visible(pg_catalog.pg_class.oid) AND pg_catalog.pg_namespace.nspname != %(nspname_1)s
2025-05-15 02:02:31,106 - sqlalchemy.engine.Engine - INFO - [cached since 0.4616s ago] {'table_name': 'goals', 'param_1': 'r', 'param_2': 'p', 'param_3': 'f', 'param_4': 'v', 'param_5': 'm', 'nspname_1': 'pg_catalog'}
2025-05-15 02:02:31,170 - sqlalchemy.engine.Engine - INFO - COMMIT
2025-05-15 02:02:31,233 - root - INFO - Database tables created successfully
2025-05-15 02:02:31,271 - root - INFO - Starting up Journal API
2025-05-15 02:02:31,272 - root - ERROR - Database connection test failed: Not an executable object: 'SELECT 1'
2025-05-15 02:02:31,278 - root - DEBUG - Stack trace: Traceback (most recent call last):
  File "C:\Users\kanaka\AppData\Local\Programs\Python\Python313\Lib\site-packages\sqlalchemy\engine\base.py", line 1411, in execute
    meth = statement._execute_on_connection
           ^^^^^^^^^^^^^^^^^^^^^^^^^^^^^^^^
AttributeError: 'str' object has no attribute '_execute_on_connection'

The above exception was the direct cause of the following exception:

Traceback (most recent call last):
  File "C:\Users\kanaka\Documents\kannect\kannect-journal-service\app\main.py", line 58, in startup_event
    conn.execute("SELECT 1")
    ~~~~~~~~~~~~^^^^^^^^^^^^
  File "C:\Users\kanaka\AppData\Local\Programs\Python\Python313\Lib\site-packages\sqlalchemy\engine\base.py", line 1413, in execute
    raise exc.ObjectNotExecutableError(statement) from err
sqlalchemy.exc.ObjectNotExecutableError: Not an executable object: 'SELECT 1'

2025-05-15 02:02:56,573 - root - INFO - Shutting down Journal API
2025-05-15 02:03:11,747 - sqlalchemy.engine.Engine - INFO - select pg_catalog.version()
2025-05-15 02:03:11,748 - sqlalchemy.engine.Engine - INFO - [raw sql] {}
2025-05-15 02:03:11,886 - sqlalchemy.engine.Engine - INFO - select current_schema()
2025-05-15 02:03:11,887 - sqlalchemy.engine.Engine - INFO - [raw sql] {}
2025-05-15 02:03:12,024 - sqlalchemy.engine.Engine - INFO - show standard_conforming_strings
2025-05-15 02:03:12,024 - sqlalchemy.engine.Engine - INFO - [raw sql] {}
2025-05-15 02:03:12,161 - sqlalchemy.engine.Engine - INFO - BEGIN (implicit)
2025-05-15 02:03:12,169 - sqlalchemy.engine.Engine - INFO - SELECT pg_catalog.pg_class.relname 
FROM pg_catalog.pg_class JOIN pg_catalog.pg_namespace ON pg_catalog.pg_namespace.oid = pg_catalog.pg_class.relnamespace 
WHERE pg_catalog.pg_class.relname = %(table_name)s AND pg_catalog.pg_class.relkind = ANY (ARRAY[%(param_1)s, %(param_2)s, %(param_3)s, %(param_4)s, %(param_5)s]) AND pg_catalog.pg_table_is_visible(pg_catalog.pg_class.oid) AND pg_catalog.pg_namespace.nspname != %(nspname_1)s
2025-05-15 02:03:12,170 - sqlalchemy.engine.Engine - INFO - [generated in 0.00074s] {'table_name': 'user_roles', 'param_1': 'r', 'param_2': 'p', 'param_3': 'f', 'param_4': 'v', 'param_5': 'm', 'nspname_1': 'pg_catalog'}
2025-05-15 02:03:12,308 - sqlalchemy.engine.Engine - INFO - SELECT pg_catalog.pg_class.relname 
FROM pg_catalog.pg_class JOIN pg_catalog.pg_namespace ON pg_catalog.pg_namespace.oid = pg_catalog.pg_class.relnamespace 
WHERE pg_catalog.pg_class.relname = %(table_name)s AND pg_catalog.pg_class.relkind = ANY (ARRAY[%(param_1)s, %(param_2)s, %(param_3)s, %(param_4)s, %(param_5)s]) AND pg_catalog.pg_table_is_visible(pg_catalog.pg_class.oid) AND pg_catalog.pg_namespace.nspname != %(nspname_1)s
2025-05-15 02:03:12,309 - sqlalchemy.engine.Engine - INFO - [cached since 0.1396s ago] {'table_name': 'roles', 'param_1': 'r', 'param_2': 'p', 'param_3': 'f', 'param_4': 'v', 'param_5': 'm', 'nspname_1': 'pg_catalog'}
2025-05-15 02:03:12,379 - sqlalchemy.engine.Engine - INFO - SELECT pg_catalog.pg_class.relname 
FROM pg_catalog.pg_class JOIN pg_catalog.pg_namespace ON pg_catalog.pg_namespace.oid = pg_catalog.pg_class.relnamespace 
WHERE pg_catalog.pg_class.relname = %(table_name)s AND pg_catalog.pg_class.relkind = ANY (ARRAY[%(param_1)s, %(param_2)s, %(param_3)s, %(param_4)s, %(param_5)s]) AND pg_catalog.pg_table_is_visible(pg_catalog.pg_class.oid) AND pg_catalog.pg_namespace.nspname != %(nspname_1)s
2025-05-15 02:03:12,379 - sqlalchemy.engine.Engine - INFO - [cached since 0.2104s ago] {'table_name': 'users', 'param_1': 'r', 'param_2': 'p', 'param_3': 'f', 'param_4': 'v', 'param_5': 'm', 'nspname_1': 'pg_catalog'}
2025-05-15 02:03:12,450 - sqlalchemy.engine.Engine - INFO - SELECT pg_catalog.pg_class.relname 
FROM pg_catalog.pg_class JOIN pg_catalog.pg_namespace ON pg_catalog.pg_namespace.oid = pg_catalog.pg_class.relnamespace 
WHERE pg_catalog.pg_class.relname = %(table_name)s AND pg_catalog.pg_class.relkind = ANY (ARRAY[%(param_1)s, %(param_2)s, %(param_3)s, %(param_4)s, %(param_5)s]) AND pg_catalog.pg_table_is_visible(pg_catalog.pg_class.oid) AND pg_catalog.pg_namespace.nspname != %(nspname_1)s
2025-05-15 02:03:12,450 - sqlalchemy.engine.Engine - INFO - [cached since 0.2812s ago] {'table_name': 'journal_entries', 'param_1': 'r', 'param_2': 'p', 'param_3': 'f', 'param_4': 'v', 'param_5': 'm', 'nspname_1': 'pg_catalog'}
2025-05-15 02:03:12,519 - sqlalchemy.engine.Engine - INFO - SELECT pg_catalog.pg_class.relname 
FROM pg_catalog.pg_class JOIN pg_catalog.pg_namespace ON pg_catalog.pg_namespace.oid = pg_catalog.pg_class.relnamespace 
WHERE pg_catalog.pg_class.relname = %(table_name)s AND pg_catalog.pg_class.relkind = ANY (ARRAY[%(param_1)s, %(param_2)s, %(param_3)s, %(param_4)s, %(param_5)s]) AND pg_catalog.pg_table_is_visible(pg_catalog.pg_class.oid) AND pg_catalog.pg_namespace.nspname != %(nspname_1)s
2025-05-15 02:03:12,519 - sqlalchemy.engine.Engine - INFO - [cached since 0.3502s ago] {'table_name': 'habits', 'param_1': 'r', 'param_2': 'p', 'param_3': 'f', 'param_4': 'v', 'param_5': 'm', 'nspname_1': 'pg_catalog'}
2025-05-15 02:03:12,623 - sqlalchemy.engine.Engine - INFO - SELECT pg_catalog.pg_class.relname 
FROM pg_catalog.pg_class JOIN pg_catalog.pg_namespace ON pg_catalog.pg_namespace.oid = pg_catalog.pg_class.relnamespace 
WHERE pg_catalog.pg_class.relname = %(table_name)s AND pg_catalog.pg_class.relkind = ANY (ARRAY[%(param_1)s, %(param_2)s, %(param_3)s, %(param_4)s, %(param_5)s]) AND pg_catalog.pg_table_is_visible(pg_catalog.pg_class.oid) AND pg_catalog.pg_namespace.nspname != %(nspname_1)s
2025-05-15 02:03:12,623 - sqlalchemy.engine.Engine - INFO - [cached since 0.4544s ago] {'table_name': 'habit_logs', 'param_1': 'r', 'param_2': 'p', 'param_3': 'f', 'param_4': 'v', 'param_5': 'm', 'nspname_1': 'pg_catalog'}
2025-05-15 02:03:12,704 - sqlalchemy.engine.Engine - INFO - SELECT pg_catalog.pg_class.relname 
FROM pg_catalog.pg_class JOIN pg_catalog.pg_namespace ON pg_catalog.pg_namespace.oid = pg_catalog.pg_class.relnamespace 
WHERE pg_catalog.pg_class.relname = %(table_name)s AND pg_catalog.pg_class.relkind = ANY (ARRAY[%(param_1)s, %(param_2)s, %(param_3)s, %(param_4)s, %(param_5)s]) AND pg_catalog.pg_table_is_visible(pg_catalog.pg_class.oid) AND pg_catalog.pg_namespace.nspname != %(nspname_1)s
2025-05-15 02:03:12,706 - sqlalchemy.engine.Engine - INFO - [cached since 0.5366s ago] {'table_name': 'goals', 'param_1': 'r', 'param_2': 'p', 'param_3': 'f', 'param_4': 'v', 'param_5': 'm', 'nspname_1': 'pg_catalog'}
2025-05-15 02:03:12,777 - sqlalchemy.engine.Engine - INFO - COMMIT
2025-05-15 02:03:12,845 - root - INFO - Database tables created successfully
2025-05-15 02:03:12,876 - root - INFO - Starting up Journal API
2025-05-15 02:03:12,877 - root - ERROR - Database connection test failed: Not an executable object: 'SELECT 1'
2025-05-15 02:03:12,884 - root - DEBUG - Stack trace: Traceback (most recent call last):
  File "C:\Users\kanaka\AppData\Local\Programs\Python\Python313\Lib\site-packages\sqlalchemy\engine\base.py", line 1411, in execute
    meth = statement._execute_on_connection
           ^^^^^^^^^^^^^^^^^^^^^^^^^^^^^^^^
AttributeError: 'str' object has no attribute '_execute_on_connection'

The above exception was the direct cause of the following exception:

Traceback (most recent call last):
  File "C:\Users\kanaka\Documents\kannect\kannect-journal-service\app\main.py", line 58, in startup_event
    conn.execute("SELECT 1")
    ~~~~~~~~~~~~^^^^^^^^^^^^
  File "C:\Users\kanaka\AppData\Local\Programs\Python\Python313\Lib\site-packages\sqlalchemy\engine\base.py", line 1413, in execute
    raise exc.ObjectNotExecutableError(statement) from err
sqlalchemy.exc.ObjectNotExecutableError: Not an executable object: 'SELECT 1'

2025-05-15 02:03:23,712 - sqlalchemy.engine.Engine - INFO - BEGIN (implicit)
2025-05-15 02:03:23,723 - sqlalchemy.engine.Engine - INFO - SELECT anon_1.users_id AS anon_1_users_id, anon_1.users_email AS anon_1_users_email, anon_1.users_user_name AS anon_1_users_user_name, anon_1.users_password AS anon_1_users_password, anon_1.users_first_name AS anon_1_users_first_name, anon_1.users_last_name AS anon_1_users_last_name, anon_1.users_department AS anon_1_users_department, anon_1.users_tech_stack AS anon_1_users_tech_stack, anon_1.users_profile_photo_url AS anon_1_users_profile_photo_url, anon_1.users_active AS anon_1_users_active, anon_1.users_wallet_balance AS anon_1_users_wallet_balance, anon_1.users_last_login AS anon_1_users_last_login, anon_1.users_created_at AS anon_1_users_created_at, anon_1.users_updated_at AS anon_1_users_updated_at, roles_1.id AS roles_1_id, roles_1.role_name AS roles_1_role_name 
FROM (SELECT users.id AS users_id, users.email AS users_email, users.user_name AS users_user_name, users.password AS users_password, users.first_name AS users_first_name, users.last_name AS users_last_name, users.department AS users_department, users.tech_stack AS users_tech_stack, users.profile_photo_url AS users_profile_photo_url, users.active AS users_active, users.wallet_balance AS users_wallet_balance, users.last_login AS users_last_login, users.created_at AS users_created_at, users.updated_at AS users_updated_at 
FROM users 
WHERE users.email = %(email_1)s 
 LIMIT %(param_1)s) AS anon_1 LEFT OUTER JOIN (user_roles AS user_roles_1 JOIN roles AS roles_1 ON roles_1.id = user_roles_1.role_id) ON anon_1.users_id = user_roles_1.user_id
2025-05-15 02:03:23,724 - sqlalchemy.engine.Engine - INFO - [generated in 0.00097s] {'email_1': 'shreyas', 'param_1': 1}
2025-05-15 02:03:23,859 - sqlalchemy.engine.Engine - INFO - ROLLBACK
2025-05-15 02:03:23,944 - app.core.exceptions - ERROR - Database error: (psycopg2.errors.UndefinedColumn) column users.created_at does not exist
LINE 2: ...et_balance, users.last_login AS users_last_login, users.crea...
                                                             ^

[SQL: SELECT anon_1.users_id AS anon_1_users_id, anon_1.users_email AS anon_1_users_email, anon_1.users_user_name AS anon_1_users_user_name, anon_1.users_password AS anon_1_users_password, anon_1.users_first_name AS anon_1_users_first_name, anon_1.users_last_name AS anon_1_users_last_name, anon_1.users_department AS anon_1_users_department, anon_1.users_tech_stack AS anon_1_users_tech_stack, anon_1.users_profile_photo_url AS anon_1_users_profile_photo_url, anon_1.users_active AS anon_1_users_active, anon_1.users_wallet_balance AS anon_1_users_wallet_balance, anon_1.users_last_login AS anon_1_users_last_login, anon_1.users_created_at AS anon_1_users_created_at, anon_1.users_updated_at AS anon_1_users_updated_at, roles_1.id AS roles_1_id, roles_1.role_name AS roles_1_role_name 
FROM (SELECT users.id AS users_id, users.email AS users_email, users.user_name AS users_user_name, users.password AS users_password, users.first_name AS users_first_name, users.last_name AS users_last_name, users.department AS users_department, users.tech_stack AS users_tech_stack, users.profile_photo_url AS users_profile_photo_url, users.active AS users_active, users.wallet_balance AS users_wallet_balance, users.last_login AS users_last_login, users.created_at AS users_created_at, users.updated_at AS users_updated_at 
FROM users 
WHERE users.email = %(email_1)s 
 LIMIT %(param_1)s) AS anon_1 LEFT OUTER JOIN (user_roles AS user_roles_1 JOIN roles AS roles_1 ON roles_1.id = user_roles_1.role_id) ON anon_1.users_id = user_roles_1.user_id]
[parameters: {'email_1': 'shreyas', 'param_1': 1}]
(Background on this error at: https://sqlalche.me/e/20/f405)
2025-05-15 02:03:23,945 - app.core.exceptions - DEBUG - Stack trace: Traceback (most recent call last):
  File "C:\Users\kanaka\AppData\Local\Programs\Python\Python313\Lib\site-packages\sqlalchemy\engine\base.py", line 1963, in _exec_single_context
    self.dialect.do_execute(
    ~~~~~~~~~~~~~~~~~~~~~~~^
        cursor, str_statement, effective_parameters, context
        ^^^^^^^^^^^^^^^^^^^^^^^^^^^^^^^^^^^^^^^^^^^^^^^^^^^^
    )
    ^
  File "C:\Users\kanaka\AppData\Local\Programs\Python\Python313\Lib\site-packages\sqlalchemy\engine\default.py", line 943, in do_execute
    cursor.execute(statement, parameters)
    ~~~~~~~~~~~~~~^^^^^^^^^^^^^^^^^^^^^^^
psycopg2.errors.UndefinedColumn: column users.created_at does not exist
LINE 2: ...et_balance, users.last_login AS users_last_login, users.crea...
                                                             ^


The above exception was the direct cause of the following exception:

Traceback (most recent call last):
  File "C:\Users\kanaka\AppData\Local\Programs\Python\Python313\Lib\site-packages\starlette\_exception_handler.py", line 42, in wrapped_app
    await app(scope, receive, sender)
  File "C:\Users\kanaka\AppData\Local\Programs\Python\Python313\Lib\site-packages\starlette\routing.py", line 73, in app
    response = await f(request)
               ^^^^^^^^^^^^^^^^
  File "C:\Users\kanaka\AppData\Local\Programs\Python\Python313\Lib\site-packages\fastapi\routing.py", line 291, in app
    solved_result = await solve_dependencies(
                    ^^^^^^^^^^^^^^^^^^^^^^^^^
    ...<6 lines>...
    )
    ^
  File "C:\Users\kanaka\AppData\Local\Programs\Python\Python313\Lib\site-packages\fastapi\dependencies\utils.py", line 638, in solve_dependencies
    solved = await call(**solved_result.values)
             ^^^^^^^^^^^^^^^^^^^^^^^^^^^^^^^^^^
  File "C:\Users\kanaka\Documents\kannect\kannect-journal-service\app\core\dependencies.py", line 43, in get_current_user
    user = db.query(User).filter(User.email == token_data.username).first()
  File "C:\Users\kanaka\AppData\Local\Programs\Python\Python313\Lib\site-packages\sqlalchemy\orm\query.py", line 2759, in first
    return self.limit(1)._iter().first()  # type: ignore
           ~~~~~~~~~~~~~~~~~~~^^
  File "C:\Users\kanaka\AppData\Local\Programs\Python\Python313\Lib\site-packages\sqlalchemy\orm\query.py", line 2857, in _iter
    result: Union[ScalarResult[_T], Result[_T]] = self.session.execute(
                                                  ~~~~~~~~~~~~~~~~~~~~^
        statement,
        ^^^^^^^^^^
        params,
        ^^^^^^^
        execution_options={"_sa_orm_load_options": self.load_options},
        ^^^^^^^^^^^^^^^^^^^^^^^^^^^^^^^^^^^^^^^^^^^^^^^^^^^^^^^^^^^^^^
    )
    ^
  File "C:\Users\kanaka\AppData\Local\Programs\Python\Python313\Lib\site-packages\sqlalchemy\orm\session.py", line 2365, in execute
    return self._execute_internal(
           ~~~~~~~~~~~~~~~~~~~~~~^
        statement,
        ^^^^^^^^^^
    ...<4 lines>...
        _add_event=_add_event,
        ^^^^^^^^^^^^^^^^^^^^^^
    )
    ^
  File "C:\Users\kanaka\AppData\Local\Programs\Python\Python313\Lib\site-packages\sqlalchemy\orm\session.py", line 2251, in _execute_internal
    result: Result[Any] = compile_state_cls.orm_execute_statement(
                          ~~~~~~~~~~~~~~~~~~~~~~~~~~~~~~~~~~~~~~~^
        self,
        ^^^^^
    ...<4 lines>...
        conn,
        ^^^^^
    )
    ^
  File "C:\Users\kanaka\AppData\Local\Programs\Python\Python313\Lib\site-packages\sqlalchemy\orm\context.py", line 306, in orm_execute_statement
    result = conn.execute(
        statement, params or {}, execution_options=execution_options
    )
  File "C:\Users\kanaka\AppData\Local\Programs\Python\Python313\Lib\site-packages\sqlalchemy\engine\base.py", line 1415, in execute
    return meth(
        self,
        distilled_parameters,
        execution_options or NO_OPTIONS,
    )
  File "C:\Users\kanaka\AppData\Local\Programs\Python\Python313\Lib\site-packages\sqlalchemy\sql\elements.py", line 523, in _execute_on_connection
    return connection._execute_clauseelement(
           ~~~~~~~~~~~~~~~~~~~~~~~~~~~~~~~~~^
        self, distilled_params, execution_options
        ^^^^^^^^^^^^^^^^^^^^^^^^^^^^^^^^^^^^^^^^^
    )
    ^
  File "C:\Users\kanaka\AppData\Local\Programs\Python\Python313\Lib\site-packages\sqlalchemy\engine\base.py", line 1637, in _execute_clauseelement
    ret = self._execute_context(
        dialect,
    ...<8 lines>...
        cache_hit=cache_hit,
    )
  File "C:\Users\kanaka\AppData\Local\Programs\Python\Python313\Lib\site-packages\sqlalchemy\engine\base.py", line 1842, in _execute_context
    return self._exec_single_context(
           ~~~~~~~~~~~~~~~~~~~~~~~~~^
        dialect, context, statement, parameters
        ^^^^^^^^^^^^^^^^^^^^^^^^^^^^^^^^^^^^^^^
    )
    ^
  File "C:\Users\kanaka\AppData\Local\Programs\Python\Python313\Lib\site-packages\sqlalchemy\engine\base.py", line 1982, in _exec_single_context
    self._handle_dbapi_exception(
    ~~~~~~~~~~~~~~~~~~~~~~~~~~~~^
        e, str_statement, effective_parameters, cursor, context
        ^^^^^^^^^^^^^^^^^^^^^^^^^^^^^^^^^^^^^^^^^^^^^^^^^^^^^^^
    )
    ^
  File "C:\Users\kanaka\AppData\Local\Programs\Python\Python313\Lib\site-packages\sqlalchemy\engine\base.py", line 2351, in _handle_dbapi_exception
    raise sqlalchemy_exception.with_traceback(exc_info[2]) from e
  File "C:\Users\kanaka\AppData\Local\Programs\Python\Python313\Lib\site-packages\sqlalchemy\engine\base.py", line 1963, in _exec_single_context
    self.dialect.do_execute(
    ~~~~~~~~~~~~~~~~~~~~~~~^
        cursor, str_statement, effective_parameters, context
        ^^^^^^^^^^^^^^^^^^^^^^^^^^^^^^^^^^^^^^^^^^^^^^^^^^^^
    )
    ^
  File "C:\Users\kanaka\AppData\Local\Programs\Python\Python313\Lib\site-packages\sqlalchemy\engine\default.py", line 943, in do_execute
    cursor.execute(statement, parameters)
    ~~~~~~~~~~~~~~^^^^^^^^^^^^^^^^^^^^^^^
sqlalchemy.exc.ProgrammingError: (psycopg2.errors.UndefinedColumn) column users.created_at does not exist
LINE 2: ...et_balance, users.last_login AS users_last_login, users.crea...
                                                             ^

[SQL: SELECT anon_1.users_id AS anon_1_users_id, anon_1.users_email AS anon_1_users_email, anon_1.users_user_name AS anon_1_users_user_name, anon_1.users_password AS anon_1_users_password, anon_1.users_first_name AS anon_1_users_first_name, anon_1.users_last_name AS anon_1_users_last_name, anon_1.users_department AS anon_1_users_department, anon_1.users_tech_stack AS anon_1_users_tech_stack, anon_1.users_profile_photo_url AS anon_1_users_profile_photo_url, anon_1.users_active AS anon_1_users_active, anon_1.users_wallet_balance AS anon_1_users_wallet_balance, anon_1.users_last_login AS anon_1_users_last_login, anon_1.users_created_at AS anon_1_users_created_at, anon_1.users_updated_at AS anon_1_users_updated_at, roles_1.id AS roles_1_id, roles_1.role_name AS roles_1_role_name 
FROM (SELECT users.id AS users_id, users.email AS users_email, users.user_name AS users_user_name, users.password AS users_password, users.first_name AS users_first_name, users.last_name AS users_last_name, users.department AS users_department, users.tech_stack AS users_tech_stack, users.profile_photo_url AS users_profile_photo_url, users.active AS users_active, users.wallet_balance AS users_wallet_balance, users.last_login AS users_last_login, users.created_at AS users_created_at, users.updated_at AS users_updated_at 
FROM users 
WHERE users.email = %(email_1)s 
 LIMIT %(param_1)s) AS anon_1 LEFT OUTER JOIN (user_roles AS user_roles_1 JOIN roles AS roles_1 ON roles_1.id = user_roles_1.role_id) ON anon_1.users_id = user_roles_1.user_id]
[parameters: {'email_1': 'shreyas', 'param_1': 1}]
(Background on this error at: https://sqlalche.me/e/20/f405)

2025-05-15 02:03:23,945 - app.core.exceptions - DEBUG - Request method: POST
2025-05-15 02:03:23,945 - app.core.exceptions - DEBUG - Request URL: http://localhost:8000/api/v1/journal/
2025-05-15 02:03:23,945 - app.core.exceptions - DEBUG - Request headers: Headers({'authorization': 'Bearer eyJhbGciOiJIUzI1NiJ9.eyJyb2xlcyI6WyJST0xFX0FETUlOIl0sInN1YiI6InNocmV5YXMiLCJpYXQiOjE3NDcyNTI5MzYsImV4cCI6MTc0NzI1NjUzNn0.hExjEtvOt_c17Ng94SX-szDsIjFganbNW2HDe3sDUcg', 'content-type': 'application/json', 'user-agent': 'PostmanRuntime/7.43.4', 'accept': '*/*', 'postman-token': '9ac97764-bdcc-42a4-8038-a2bf23766b65', 'accept-encoding': 'gzip, deflate, br', 'connection': 'keep-alive', 'content-length': '97', 'referer': 'http://localhost:8000/api/v1/journal', 'host': 'localhost:8000'})
2025-05-15 02:04:12,431 - root - INFO - Shutting down Journal API
2025-05-15 02:04:17,473 - sqlalchemy.engine.Engine - INFO - select pg_catalog.version()
2025-05-15 02:04:17,474 - sqlalchemy.engine.Engine - INFO - [raw sql] {}
2025-05-15 02:04:17,597 - sqlalchemy.engine.Engine - INFO - select current_schema()
2025-05-15 02:04:17,598 - sqlalchemy.engine.Engine - INFO - [raw sql] {}
2025-05-15 02:04:17,719 - sqlalchemy.engine.Engine - INFO - show standard_conforming_strings
2025-05-15 02:04:17,720 - sqlalchemy.engine.Engine - INFO - [raw sql] {}
2025-05-15 02:04:17,840 - sqlalchemy.engine.Engine - INFO - BEGIN (implicit)
2025-05-15 02:04:17,848 - sqlalchemy.engine.Engine - INFO - SELECT pg_catalog.pg_class.relname 
FROM pg_catalog.pg_class JOIN pg_catalog.pg_namespace ON pg_catalog.pg_namespace.oid = pg_catalog.pg_class.relnamespace 
WHERE pg_catalog.pg_class.relname = %(table_name)s AND pg_catalog.pg_class.relkind = ANY (ARRAY[%(param_1)s, %(param_2)s, %(param_3)s, %(param_4)s, %(param_5)s]) AND pg_catalog.pg_table_is_visible(pg_catalog.pg_class.oid) AND pg_catalog.pg_namespace.nspname != %(nspname_1)s
2025-05-15 02:04:17,849 - sqlalchemy.engine.Engine - INFO - [generated in 0.00080s] {'table_name': 'user_roles', 'param_1': 'r', 'param_2': 'p', 'param_3': 'f', 'param_4': 'v', 'param_5': 'm', 'nspname_1': 'pg_catalog'}
2025-05-15 02:04:17,973 - sqlalchemy.engine.Engine - INFO - SELECT pg_catalog.pg_class.relname 
FROM pg_catalog.pg_class JOIN pg_catalog.pg_namespace ON pg_catalog.pg_namespace.oid = pg_catalog.pg_class.relnamespace 
WHERE pg_catalog.pg_class.relname = %(table_name)s AND pg_catalog.pg_class.relkind = ANY (ARRAY[%(param_1)s, %(param_2)s, %(param_3)s, %(param_4)s, %(param_5)s]) AND pg_catalog.pg_table_is_visible(pg_catalog.pg_class.oid) AND pg_catalog.pg_namespace.nspname != %(nspname_1)s
2025-05-15 02:04:17,974 - sqlalchemy.engine.Engine - INFO - [cached since 0.1262s ago] {'table_name': 'roles', 'param_1': 'r', 'param_2': 'p', 'param_3': 'f', 'param_4': 'v', 'param_5': 'm', 'nspname_1': 'pg_catalog'}
2025-05-15 02:04:18,035 - sqlalchemy.engine.Engine - INFO - SELECT pg_catalog.pg_class.relname 
FROM pg_catalog.pg_class JOIN pg_catalog.pg_namespace ON pg_catalog.pg_namespace.oid = pg_catalog.pg_class.relnamespace 
WHERE pg_catalog.pg_class.relname = %(table_name)s AND pg_catalog.pg_class.relkind = ANY (ARRAY[%(param_1)s, %(param_2)s, %(param_3)s, %(param_4)s, %(param_5)s]) AND pg_catalog.pg_table_is_visible(pg_catalog.pg_class.oid) AND pg_catalog.pg_namespace.nspname != %(nspname_1)s
2025-05-15 02:04:18,036 - sqlalchemy.engine.Engine - INFO - [cached since 0.1881s ago] {'table_name': 'users', 'param_1': 'r', 'param_2': 'p', 'param_3': 'f', 'param_4': 'v', 'param_5': 'm', 'nspname_1': 'pg_catalog'}
2025-05-15 02:04:18,096 - sqlalchemy.engine.Engine - INFO - SELECT pg_catalog.pg_class.relname 
FROM pg_catalog.pg_class JOIN pg_catalog.pg_namespace ON pg_catalog.pg_namespace.oid = pg_catalog.pg_class.relnamespace 
WHERE pg_catalog.pg_class.relname = %(table_name)s AND pg_catalog.pg_class.relkind = ANY (ARRAY[%(param_1)s, %(param_2)s, %(param_3)s, %(param_4)s, %(param_5)s]) AND pg_catalog.pg_table_is_visible(pg_catalog.pg_class.oid) AND pg_catalog.pg_namespace.nspname != %(nspname_1)s
2025-05-15 02:04:18,097 - sqlalchemy.engine.Engine - INFO - [cached since 0.2495s ago] {'table_name': 'journal_entries', 'param_1': 'r', 'param_2': 'p', 'param_3': 'f', 'param_4': 'v', 'param_5': 'm', 'nspname_1': 'pg_catalog'}
2025-05-15 02:04:18,158 - sqlalchemy.engine.Engine - INFO - SELECT pg_catalog.pg_class.relname 
FROM pg_catalog.pg_class JOIN pg_catalog.pg_namespace ON pg_catalog.pg_namespace.oid = pg_catalog.pg_class.relnamespace 
WHERE pg_catalog.pg_class.relname = %(table_name)s AND pg_catalog.pg_class.relkind = ANY (ARRAY[%(param_1)s, %(param_2)s, %(param_3)s, %(param_4)s, %(param_5)s]) AND pg_catalog.pg_table_is_visible(pg_catalog.pg_class.oid) AND pg_catalog.pg_namespace.nspname != %(nspname_1)s
2025-05-15 02:04:18,159 - sqlalchemy.engine.Engine - INFO - [cached since 0.3112s ago] {'table_name': 'habits', 'param_1': 'r', 'param_2': 'p', 'param_3': 'f', 'param_4': 'v', 'param_5': 'm', 'nspname_1': 'pg_catalog'}
2025-05-15 02:04:18,220 - sqlalchemy.engine.Engine - INFO - SELECT pg_catalog.pg_class.relname 
FROM pg_catalog.pg_class JOIN pg_catalog.pg_namespace ON pg_catalog.pg_namespace.oid = pg_catalog.pg_class.relnamespace 
WHERE pg_catalog.pg_class.relname = %(table_name)s AND pg_catalog.pg_class.relkind = ANY (ARRAY[%(param_1)s, %(param_2)s, %(param_3)s, %(param_4)s, %(param_5)s]) AND pg_catalog.pg_table_is_visible(pg_catalog.pg_class.oid) AND pg_catalog.pg_namespace.nspname != %(nspname_1)s
2025-05-15 02:04:18,220 - sqlalchemy.engine.Engine - INFO - [cached since 0.3727s ago] {'table_name': 'habit_logs', 'param_1': 'r', 'param_2': 'p', 'param_3': 'f', 'param_4': 'v', 'param_5': 'm', 'nspname_1': 'pg_catalog'}
2025-05-15 02:04:18,280 - sqlalchemy.engine.Engine - INFO - SELECT pg_catalog.pg_class.relname 
FROM pg_catalog.pg_class JOIN pg_catalog.pg_namespace ON pg_catalog.pg_namespace.oid = pg_catalog.pg_class.relnamespace 
WHERE pg_catalog.pg_class.relname = %(table_name)s AND pg_catalog.pg_class.relkind = ANY (ARRAY[%(param_1)s, %(param_2)s, %(param_3)s, %(param_4)s, %(param_5)s]) AND pg_catalog.pg_table_is_visible(pg_catalog.pg_class.oid) AND pg_catalog.pg_namespace.nspname != %(nspname_1)s
2025-05-15 02:04:18,281 - sqlalchemy.engine.Engine - INFO - [cached since 0.4331s ago] {'table_name': 'goals', 'param_1': 'r', 'param_2': 'p', 'param_3': 'f', 'param_4': 'v', 'param_5': 'm', 'nspname_1': 'pg_catalog'}
2025-05-15 02:04:18,341 - sqlalchemy.engine.Engine - INFO - COMMIT
2025-05-15 02:04:18,401 - root - INFO - Database tables created successfully
2025-05-15 02:04:18,607 - root - INFO - Starting up Journal API
2025-05-15 02:04:18,645 - root - ERROR - Database connection test failed: Not an executable object: 'SELECT 1'
2025-05-15 02:04:18,654 - root - DEBUG - Stack trace: Traceback (most recent call last):
  File "C:\Users\kanaka\AppData\Local\Programs\Python\Python313\Lib\site-packages\sqlalchemy\engine\base.py", line 1411, in execute
    meth = statement._execute_on_connection
           ^^^^^^^^^^^^^^^^^^^^^^^^^^^^^^^^
AttributeError: 'str' object has no attribute '_execute_on_connection'

The above exception was the direct cause of the following exception:

Traceback (most recent call last):
  File "C:\Users\kanaka\Documents\kannect\kannect-journal-service\app\main.py", line 58, in startup_event
    conn.execute("SELECT 1")
    ~~~~~~~~~~~~^^^^^^^^^^^^
  File "C:\Users\kanaka\AppData\Local\Programs\Python\Python313\Lib\site-packages\sqlalchemy\engine\base.py", line 1413, in execute
    raise exc.ObjectNotExecutableError(statement) from err
sqlalchemy.exc.ObjectNotExecutableError: Not an executable object: 'SELECT 1'

2025-05-15 02:04:27,052 - root - INFO - Shutting down Journal API
2025-05-15 02:04:32,293 - sqlalchemy.engine.Engine - INFO - select pg_catalog.version()
2025-05-15 02:04:32,294 - sqlalchemy.engine.Engine - INFO - [raw sql] {}
2025-05-15 02:04:32,416 - sqlalchemy.engine.Engine - INFO - select current_schema()
2025-05-15 02:04:32,417 - sqlalchemy.engine.Engine - INFO - [raw sql] {}
2025-05-15 02:04:32,540 - sqlalchemy.engine.Engine - INFO - show standard_conforming_strings
2025-05-15 02:04:32,541 - sqlalchemy.engine.Engine - INFO - [raw sql] {}
2025-05-15 02:04:32,675 - sqlalchemy.engine.Engine - INFO - BEGIN (implicit)
2025-05-15 02:04:32,685 - sqlalchemy.engine.Engine - INFO - SELECT pg_catalog.pg_class.relname 
FROM pg_catalog.pg_class JOIN pg_catalog.pg_namespace ON pg_catalog.pg_namespace.oid = pg_catalog.pg_class.relnamespace 
WHERE pg_catalog.pg_class.relname = %(table_name)s AND pg_catalog.pg_class.relkind = ANY (ARRAY[%(param_1)s, %(param_2)s, %(param_3)s, %(param_4)s, %(param_5)s]) AND pg_catalog.pg_table_is_visible(pg_catalog.pg_class.oid) AND pg_catalog.pg_namespace.nspname != %(nspname_1)s
2025-05-15 02:04:32,686 - sqlalchemy.engine.Engine - INFO - [generated in 0.00105s] {'table_name': 'user_roles', 'param_1': 'r', 'param_2': 'p', 'param_3': 'f', 'param_4': 'v', 'param_5': 'm', 'nspname_1': 'pg_catalog'}
2025-05-15 02:04:32,814 - sqlalchemy.engine.Engine - INFO - SELECT pg_catalog.pg_class.relname 
FROM pg_catalog.pg_class JOIN pg_catalog.pg_namespace ON pg_catalog.pg_namespace.oid = pg_catalog.pg_class.relnamespace 
WHERE pg_catalog.pg_class.relname = %(table_name)s AND pg_catalog.pg_class.relkind = ANY (ARRAY[%(param_1)s, %(param_2)s, %(param_3)s, %(param_4)s, %(param_5)s]) AND pg_catalog.pg_table_is_visible(pg_catalog.pg_class.oid) AND pg_catalog.pg_namespace.nspname != %(nspname_1)s
2025-05-15 02:04:32,816 - sqlalchemy.engine.Engine - INFO - [cached since 0.1312s ago] {'table_name': 'roles', 'param_1': 'r', 'param_2': 'p', 'param_3': 'f', 'param_4': 'v', 'param_5': 'm', 'nspname_1': 'pg_catalog'}
2025-05-15 02:04:32,881 - sqlalchemy.engine.Engine - INFO - SELECT pg_catalog.pg_class.relname 
FROM pg_catalog.pg_class JOIN pg_catalog.pg_namespace ON pg_catalog.pg_namespace.oid = pg_catalog.pg_class.relnamespace 
WHERE pg_catalog.pg_class.relname = %(table_name)s AND pg_catalog.pg_class.relkind = ANY (ARRAY[%(param_1)s, %(param_2)s, %(param_3)s, %(param_4)s, %(param_5)s]) AND pg_catalog.pg_table_is_visible(pg_catalog.pg_class.oid) AND pg_catalog.pg_namespace.nspname != %(nspname_1)s
2025-05-15 02:04:32,882 - sqlalchemy.engine.Engine - INFO - [cached since 0.1974s ago] {'table_name': 'users', 'param_1': 'r', 'param_2': 'p', 'param_3': 'f', 'param_4': 'v', 'param_5': 'm', 'nspname_1': 'pg_catalog'}
2025-05-15 02:04:32,950 - sqlalchemy.engine.Engine - INFO - SELECT pg_catalog.pg_class.relname 
FROM pg_catalog.pg_class JOIN pg_catalog.pg_namespace ON pg_catalog.pg_namespace.oid = pg_catalog.pg_class.relnamespace 
WHERE pg_catalog.pg_class.relname = %(table_name)s AND pg_catalog.pg_class.relkind = ANY (ARRAY[%(param_1)s, %(param_2)s, %(param_3)s, %(param_4)s, %(param_5)s]) AND pg_catalog.pg_table_is_visible(pg_catalog.pg_class.oid) AND pg_catalog.pg_namespace.nspname != %(nspname_1)s
2025-05-15 02:04:32,956 - sqlalchemy.engine.Engine - INFO - [cached since 0.2711s ago] {'table_name': 'journal_entries', 'param_1': 'r', 'param_2': 'p', 'param_3': 'f', 'param_4': 'v', 'param_5': 'm', 'nspname_1': 'pg_catalog'}
2025-05-15 02:04:33,023 - sqlalchemy.engine.Engine - INFO - SELECT pg_catalog.pg_class.relname 
FROM pg_catalog.pg_class JOIN pg_catalog.pg_namespace ON pg_catalog.pg_namespace.oid = pg_catalog.pg_class.relnamespace 
WHERE pg_catalog.pg_class.relname = %(table_name)s AND pg_catalog.pg_class.relkind = ANY (ARRAY[%(param_1)s, %(param_2)s, %(param_3)s, %(param_4)s, %(param_5)s]) AND pg_catalog.pg_table_is_visible(pg_catalog.pg_class.oid) AND pg_catalog.pg_namespace.nspname != %(nspname_1)s
2025-05-15 02:04:33,026 - sqlalchemy.engine.Engine - INFO - [cached since 0.3409s ago] {'table_name': 'habits', 'param_1': 'r', 'param_2': 'p', 'param_3': 'f', 'param_4': 'v', 'param_5': 'm', 'nspname_1': 'pg_catalog'}
2025-05-15 02:04:33,091 - sqlalchemy.engine.Engine - INFO - SELECT pg_catalog.pg_class.relname 
FROM pg_catalog.pg_class JOIN pg_catalog.pg_namespace ON pg_catalog.pg_namespace.oid = pg_catalog.pg_class.relnamespace 
WHERE pg_catalog.pg_class.relname = %(table_name)s AND pg_catalog.pg_class.relkind = ANY (ARRAY[%(param_1)s, %(param_2)s, %(param_3)s, %(param_4)s, %(param_5)s]) AND pg_catalog.pg_table_is_visible(pg_catalog.pg_class.oid) AND pg_catalog.pg_namespace.nspname != %(nspname_1)s
2025-05-15 02:04:33,092 - sqlalchemy.engine.Engine - INFO - [cached since 0.4078s ago] {'table_name': 'habit_logs', 'param_1': 'r', 'param_2': 'p', 'param_3': 'f', 'param_4': 'v', 'param_5': 'm', 'nspname_1': 'pg_catalog'}
2025-05-15 02:04:33,158 - sqlalchemy.engine.Engine - INFO - SELECT pg_catalog.pg_class.relname 
FROM pg_catalog.pg_class JOIN pg_catalog.pg_namespace ON pg_catalog.pg_namespace.oid = pg_catalog.pg_class.relnamespace 
WHERE pg_catalog.pg_class.relname = %(table_name)s AND pg_catalog.pg_class.relkind = ANY (ARRAY[%(param_1)s, %(param_2)s, %(param_3)s, %(param_4)s, %(param_5)s]) AND pg_catalog.pg_table_is_visible(pg_catalog.pg_class.oid) AND pg_catalog.pg_namespace.nspname != %(nspname_1)s
2025-05-15 02:04:33,160 - sqlalchemy.engine.Engine - INFO - [cached since 0.4752s ago] {'table_name': 'goals', 'param_1': 'r', 'param_2': 'p', 'param_3': 'f', 'param_4': 'v', 'param_5': 'm', 'nspname_1': 'pg_catalog'}
2025-05-15 02:04:33,223 - sqlalchemy.engine.Engine - INFO - COMMIT
2025-05-15 02:04:33,289 - root - INFO - Database tables created successfully
2025-05-15 02:04:33,419 - root - INFO - Starting up Journal API
2025-05-15 02:04:33,421 - root - ERROR - Database connection test failed: Not an executable object: 'SELECT 1'
2025-05-15 02:04:33,433 - root - DEBUG - Stack trace: Traceback (most recent call last):
  File "C:\Users\kanaka\AppData\Local\Programs\Python\Python313\Lib\site-packages\sqlalchemy\engine\base.py", line 1411, in execute
    meth = statement._execute_on_connection
           ^^^^^^^^^^^^^^^^^^^^^^^^^^^^^^^^
AttributeError: 'str' object has no attribute '_execute_on_connection'

The above exception was the direct cause of the following exception:

Traceback (most recent call last):
  File "C:\Users\kanaka\Documents\kannect\kannect-journal-service\app\main.py", line 58, in startup_event
    conn.execute("SELECT 1")
    ~~~~~~~~~~~~^^^^^^^^^^^^
  File "C:\Users\kanaka\AppData\Local\Programs\Python\Python313\Lib\site-packages\sqlalchemy\engine\base.py", line 1413, in execute
    raise exc.ObjectNotExecutableError(statement) from err
sqlalchemy.exc.ObjectNotExecutableError: Not an executable object: 'SELECT 1'

2025-05-15 02:04:36,124 - root - INFO - Shutting down Journal API
2025-05-15 02:04:41,303 - sqlalchemy.engine.Engine - INFO - select pg_catalog.version()
2025-05-15 02:04:41,304 - sqlalchemy.engine.Engine - INFO - [raw sql] {}
2025-05-15 02:04:41,431 - sqlalchemy.engine.Engine - INFO - select current_schema()
2025-05-15 02:04:41,432 - sqlalchemy.engine.Engine - INFO - [raw sql] {}
2025-05-15 02:04:41,559 - sqlalchemy.engine.Engine - INFO - show standard_conforming_strings
2025-05-15 02:04:41,559 - sqlalchemy.engine.Engine - INFO - [raw sql] {}
2025-05-15 02:04:41,686 - sqlalchemy.engine.Engine - INFO - BEGIN (implicit)
2025-05-15 02:04:41,694 - sqlalchemy.engine.Engine - INFO - SELECT pg_catalog.pg_class.relname 
FROM pg_catalog.pg_class JOIN pg_catalog.pg_namespace ON pg_catalog.pg_namespace.oid = pg_catalog.pg_class.relnamespace 
WHERE pg_catalog.pg_class.relname = %(table_name)s AND pg_catalog.pg_class.relkind = ANY (ARRAY[%(param_1)s, %(param_2)s, %(param_3)s, %(param_4)s, %(param_5)s]) AND pg_catalog.pg_table_is_visible(pg_catalog.pg_class.oid) AND pg_catalog.pg_namespace.nspname != %(nspname_1)s
2025-05-15 02:04:41,694 - sqlalchemy.engine.Engine - INFO - [generated in 0.00061s] {'table_name': 'user_roles', 'param_1': 'r', 'param_2': 'p', 'param_3': 'f', 'param_4': 'v', 'param_5': 'm', 'nspname_1': 'pg_catalog'}
2025-05-15 02:04:41,824 - sqlalchemy.engine.Engine - INFO - SELECT pg_catalog.pg_class.relname 
FROM pg_catalog.pg_class JOIN pg_catalog.pg_namespace ON pg_catalog.pg_namespace.oid = pg_catalog.pg_class.relnamespace 
WHERE pg_catalog.pg_class.relname = %(table_name)s AND pg_catalog.pg_class.relkind = ANY (ARRAY[%(param_1)s, %(param_2)s, %(param_3)s, %(param_4)s, %(param_5)s]) AND pg_catalog.pg_table_is_visible(pg_catalog.pg_class.oid) AND pg_catalog.pg_namespace.nspname != %(nspname_1)s
2025-05-15 02:04:41,824 - sqlalchemy.engine.Engine - INFO - [cached since 0.1309s ago] {'table_name': 'roles', 'param_1': 'r', 'param_2': 'p', 'param_3': 'f', 'param_4': 'v', 'param_5': 'm', 'nspname_1': 'pg_catalog'}
2025-05-15 02:04:41,887 - sqlalchemy.engine.Engine - INFO - SELECT pg_catalog.pg_class.relname 
FROM pg_catalog.pg_class JOIN pg_catalog.pg_namespace ON pg_catalog.pg_namespace.oid = pg_catalog.pg_class.relnamespace 
WHERE pg_catalog.pg_class.relname = %(table_name)s AND pg_catalog.pg_class.relkind = ANY (ARRAY[%(param_1)s, %(param_2)s, %(param_3)s, %(param_4)s, %(param_5)s]) AND pg_catalog.pg_table_is_visible(pg_catalog.pg_class.oid) AND pg_catalog.pg_namespace.nspname != %(nspname_1)s
2025-05-15 02:04:41,888 - sqlalchemy.engine.Engine - INFO - [cached since 0.1942s ago] {'table_name': 'users', 'param_1': 'r', 'param_2': 'p', 'param_3': 'f', 'param_4': 'v', 'param_5': 'm', 'nspname_1': 'pg_catalog'}
2025-05-15 02:04:42,036 - sqlalchemy.engine.Engine - INFO - SELECT pg_catalog.pg_class.relname 
FROM pg_catalog.pg_class JOIN pg_catalog.pg_namespace ON pg_catalog.pg_namespace.oid = pg_catalog.pg_class.relnamespace 
WHERE pg_catalog.pg_class.relname = %(table_name)s AND pg_catalog.pg_class.relkind = ANY (ARRAY[%(param_1)s, %(param_2)s, %(param_3)s, %(param_4)s, %(param_5)s]) AND pg_catalog.pg_table_is_visible(pg_catalog.pg_class.oid) AND pg_catalog.pg_namespace.nspname != %(nspname_1)s
2025-05-15 02:04:42,036 - sqlalchemy.engine.Engine - INFO - [cached since 0.3428s ago] {'table_name': 'journal_entries', 'param_1': 'r', 'param_2': 'p', 'param_3': 'f', 'param_4': 'v', 'param_5': 'm', 'nspname_1': 'pg_catalog'}
2025-05-15 02:04:42,101 - sqlalchemy.engine.Engine - INFO - SELECT pg_catalog.pg_class.relname 
FROM pg_catalog.pg_class JOIN pg_catalog.pg_namespace ON pg_catalog.pg_namespace.oid = pg_catalog.pg_class.relnamespace 
WHERE pg_catalog.pg_class.relname = %(table_name)s AND pg_catalog.pg_class.relkind = ANY (ARRAY[%(param_1)s, %(param_2)s, %(param_3)s, %(param_4)s, %(param_5)s]) AND pg_catalog.pg_table_is_visible(pg_catalog.pg_class.oid) AND pg_catalog.pg_namespace.nspname != %(nspname_1)s
2025-05-15 02:04:42,102 - sqlalchemy.engine.Engine - INFO - [cached since 0.408s ago] {'table_name': 'habits', 'param_1': 'r', 'param_2': 'p', 'param_3': 'f', 'param_4': 'v', 'param_5': 'm', 'nspname_1': 'pg_catalog'}
2025-05-15 02:04:42,165 - sqlalchemy.engine.Engine - INFO - SELECT pg_catalog.pg_class.relname 
FROM pg_catalog.pg_class JOIN pg_catalog.pg_namespace ON pg_catalog.pg_namespace.oid = pg_catalog.pg_class.relnamespace 
WHERE pg_catalog.pg_class.relname = %(table_name)s AND pg_catalog.pg_class.relkind = ANY (ARRAY[%(param_1)s, %(param_2)s, %(param_3)s, %(param_4)s, %(param_5)s]) AND pg_catalog.pg_table_is_visible(pg_catalog.pg_class.oid) AND pg_catalog.pg_namespace.nspname != %(nspname_1)s
2025-05-15 02:04:42,165 - sqlalchemy.engine.Engine - INFO - [cached since 0.4716s ago] {'table_name': 'habit_logs', 'param_1': 'r', 'param_2': 'p', 'param_3': 'f', 'param_4': 'v', 'param_5': 'm', 'nspname_1': 'pg_catalog'}
2025-05-15 02:04:42,229 - sqlalchemy.engine.Engine - INFO - SELECT pg_catalog.pg_class.relname 
FROM pg_catalog.pg_class JOIN pg_catalog.pg_namespace ON pg_catalog.pg_namespace.oid = pg_catalog.pg_class.relnamespace 
WHERE pg_catalog.pg_class.relname = %(table_name)s AND pg_catalog.pg_class.relkind = ANY (ARRAY[%(param_1)s, %(param_2)s, %(param_3)s, %(param_4)s, %(param_5)s]) AND pg_catalog.pg_table_is_visible(pg_catalog.pg_class.oid) AND pg_catalog.pg_namespace.nspname != %(nspname_1)s
2025-05-15 02:04:42,229 - sqlalchemy.engine.Engine - INFO - [cached since 0.5358s ago] {'table_name': 'goals', 'param_1': 'r', 'param_2': 'p', 'param_3': 'f', 'param_4': 'v', 'param_5': 'm', 'nspname_1': 'pg_catalog'}
2025-05-15 02:04:42,293 - sqlalchemy.engine.Engine - INFO - COMMIT
2025-05-15 02:04:42,355 - root - INFO - Database tables created successfully
2025-05-15 02:04:42,406 - root - INFO - Starting up Journal API
2025-05-15 02:04:42,407 - root - ERROR - Database connection test failed: Not an executable object: 'SELECT 1'
2025-05-15 02:04:42,413 - root - DEBUG - Stack trace: Traceback (most recent call last):
  File "C:\Users\kanaka\AppData\Local\Programs\Python\Python313\Lib\site-packages\sqlalchemy\engine\base.py", line 1411, in execute
    meth = statement._execute_on_connection
           ^^^^^^^^^^^^^^^^^^^^^^^^^^^^^^^^
AttributeError: 'str' object has no attribute '_execute_on_connection'

The above exception was the direct cause of the following exception:

Traceback (most recent call last):
  File "C:\Users\kanaka\Documents\kannect\kannect-journal-service\app\main.py", line 58, in startup_event
    conn.execute("SELECT 1")
    ~~~~~~~~~~~~^^^^^^^^^^^^
  File "C:\Users\kanaka\AppData\Local\Programs\Python\Python313\Lib\site-packages\sqlalchemy\engine\base.py", line 1413, in execute
    raise exc.ObjectNotExecutableError(statement) from err
sqlalchemy.exc.ObjectNotExecutableError: Not an executable object: 'SELECT 1'

2025-05-15 02:05:13,208 - root - INFO - Shutting down Journal API
2025-05-15 02:05:22,543 - sqlalchemy.engine.Engine - INFO - select pg_catalog.version()
2025-05-15 02:05:22,543 - sqlalchemy.engine.Engine - INFO - [raw sql] {}
2025-05-15 02:05:22,686 - sqlalchemy.engine.Engine - INFO - select current_schema()
2025-05-15 02:05:22,687 - sqlalchemy.engine.Engine - INFO - [raw sql] {}
2025-05-15 02:05:22,809 - sqlalchemy.engine.Engine - INFO - show standard_conforming_strings
2025-05-15 02:05:22,810 - sqlalchemy.engine.Engine - INFO - [raw sql] {}
2025-05-15 02:05:22,939 - sqlalchemy.engine.Engine - INFO - BEGIN (implicit)
2025-05-15 02:05:22,944 - sqlalchemy.engine.Engine - INFO - SELECT pg_catalog.pg_class.relname 
FROM pg_catalog.pg_class JOIN pg_catalog.pg_namespace ON pg_catalog.pg_namespace.oid = pg_catalog.pg_class.relnamespace 
WHERE pg_catalog.pg_class.relname = %(table_name)s AND pg_catalog.pg_class.relkind = ANY (ARRAY[%(param_1)s, %(param_2)s, %(param_3)s, %(param_4)s, %(param_5)s]) AND pg_catalog.pg_table_is_visible(pg_catalog.pg_class.oid) AND pg_catalog.pg_namespace.nspname != %(nspname_1)s
2025-05-15 02:05:22,944 - sqlalchemy.engine.Engine - INFO - [generated in 0.00056s] {'table_name': 'user_roles', 'param_1': 'r', 'param_2': 'p', 'param_3': 'f', 'param_4': 'v', 'param_5': 'm', 'nspname_1': 'pg_catalog'}
2025-05-15 02:05:23,073 - sqlalchemy.engine.Engine - INFO - SELECT pg_catalog.pg_class.relname 
FROM pg_catalog.pg_class JOIN pg_catalog.pg_namespace ON pg_catalog.pg_namespace.oid = pg_catalog.pg_class.relnamespace 
WHERE pg_catalog.pg_class.relname = %(table_name)s AND pg_catalog.pg_class.relkind = ANY (ARRAY[%(param_1)s, %(param_2)s, %(param_3)s, %(param_4)s, %(param_5)s]) AND pg_catalog.pg_table_is_visible(pg_catalog.pg_class.oid) AND pg_catalog.pg_namespace.nspname != %(nspname_1)s
2025-05-15 02:05:23,074 - sqlalchemy.engine.Engine - INFO - [cached since 0.1304s ago] {'table_name': 'roles', 'param_1': 'r', 'param_2': 'p', 'param_3': 'f', 'param_4': 'v', 'param_5': 'm', 'nspname_1': 'pg_catalog'}
2025-05-15 02:05:23,135 - sqlalchemy.engine.Engine - INFO - SELECT pg_catalog.pg_class.relname 
FROM pg_catalog.pg_class JOIN pg_catalog.pg_namespace ON pg_catalog.pg_namespace.oid = pg_catalog.pg_class.relnamespace 
WHERE pg_catalog.pg_class.relname = %(table_name)s AND pg_catalog.pg_class.relkind = ANY (ARRAY[%(param_1)s, %(param_2)s, %(param_3)s, %(param_4)s, %(param_5)s]) AND pg_catalog.pg_table_is_visible(pg_catalog.pg_class.oid) AND pg_catalog.pg_namespace.nspname != %(nspname_1)s
2025-05-15 02:05:23,136 - sqlalchemy.engine.Engine - INFO - [cached since 0.1924s ago] {'table_name': 'users', 'param_1': 'r', 'param_2': 'p', 'param_3': 'f', 'param_4': 'v', 'param_5': 'm', 'nspname_1': 'pg_catalog'}
2025-05-15 02:05:23,199 - sqlalchemy.engine.Engine - INFO - SELECT pg_catalog.pg_class.relname 
FROM pg_catalog.pg_class JOIN pg_catalog.pg_namespace ON pg_catalog.pg_namespace.oid = pg_catalog.pg_class.relnamespace 
WHERE pg_catalog.pg_class.relname = %(table_name)s AND pg_catalog.pg_class.relkind = ANY (ARRAY[%(param_1)s, %(param_2)s, %(param_3)s, %(param_4)s, %(param_5)s]) AND pg_catalog.pg_table_is_visible(pg_catalog.pg_class.oid) AND pg_catalog.pg_namespace.nspname != %(nspname_1)s
2025-05-15 02:05:23,200 - sqlalchemy.engine.Engine - INFO - [cached since 0.2563s ago] {'table_name': 'journal_entries', 'param_1': 'r', 'param_2': 'p', 'param_3': 'f', 'param_4': 'v', 'param_5': 'm', 'nspname_1': 'pg_catalog'}
2025-05-15 02:05:23,266 - sqlalchemy.engine.Engine - INFO - SELECT pg_catalog.pg_class.relname 
FROM pg_catalog.pg_class JOIN pg_catalog.pg_namespace ON pg_catalog.pg_namespace.oid = pg_catalog.pg_class.relnamespace 
WHERE pg_catalog.pg_class.relname = %(table_name)s AND pg_catalog.pg_class.relkind = ANY (ARRAY[%(param_1)s, %(param_2)s, %(param_3)s, %(param_4)s, %(param_5)s]) AND pg_catalog.pg_table_is_visible(pg_catalog.pg_class.oid) AND pg_catalog.pg_namespace.nspname != %(nspname_1)s
2025-05-15 02:05:23,266 - sqlalchemy.engine.Engine - INFO - [cached since 0.3229s ago] {'table_name': 'habits', 'param_1': 'r', 'param_2': 'p', 'param_3': 'f', 'param_4': 'v', 'param_5': 'm', 'nspname_1': 'pg_catalog'}
2025-05-15 02:05:23,335 - sqlalchemy.engine.Engine - INFO - SELECT pg_catalog.pg_class.relname 
FROM pg_catalog.pg_class JOIN pg_catalog.pg_namespace ON pg_catalog.pg_namespace.oid = pg_catalog.pg_class.relnamespace 
WHERE pg_catalog.pg_class.relname = %(table_name)s AND pg_catalog.pg_class.relkind = ANY (ARRAY[%(param_1)s, %(param_2)s, %(param_3)s, %(param_4)s, %(param_5)s]) AND pg_catalog.pg_table_is_visible(pg_catalog.pg_class.oid) AND pg_catalog.pg_namespace.nspname != %(nspname_1)s
2025-05-15 02:05:23,335 - sqlalchemy.engine.Engine - INFO - [cached since 0.3919s ago] {'table_name': 'habit_logs', 'param_1': 'r', 'param_2': 'p', 'param_3': 'f', 'param_4': 'v', 'param_5': 'm', 'nspname_1': 'pg_catalog'}
2025-05-15 02:05:23,397 - sqlalchemy.engine.Engine - INFO - SELECT pg_catalog.pg_class.relname 
FROM pg_catalog.pg_class JOIN pg_catalog.pg_namespace ON pg_catalog.pg_namespace.oid = pg_catalog.pg_class.relnamespace 
WHERE pg_catalog.pg_class.relname = %(table_name)s AND pg_catalog.pg_class.relkind = ANY (ARRAY[%(param_1)s, %(param_2)s, %(param_3)s, %(param_4)s, %(param_5)s]) AND pg_catalog.pg_table_is_visible(pg_catalog.pg_class.oid) AND pg_catalog.pg_namespace.nspname != %(nspname_1)s
2025-05-15 02:05:23,398 - sqlalchemy.engine.Engine - INFO - [cached since 0.4548s ago] {'table_name': 'goals', 'param_1': 'r', 'param_2': 'p', 'param_3': 'f', 'param_4': 'v', 'param_5': 'm', 'nspname_1': 'pg_catalog'}
2025-05-15 02:05:23,461 - sqlalchemy.engine.Engine - INFO - COMMIT
2025-05-15 02:05:23,526 - root - INFO - Database tables created successfully
2025-05-15 02:05:23,556 - root - INFO - Starting up Journal API
2025-05-15 02:05:23,557 - root - ERROR - Database connection test failed: Not an executable object: 'SELECT 1'
2025-05-15 02:05:23,560 - root - DEBUG - Stack trace: Traceback (most recent call last):
  File "C:\Users\kanaka\AppData\Local\Programs\Python\Python313\Lib\site-packages\sqlalchemy\engine\base.py", line 1411, in execute
    meth = statement._execute_on_connection
           ^^^^^^^^^^^^^^^^^^^^^^^^^^^^^^^^
AttributeError: 'str' object has no attribute '_execute_on_connection'

The above exception was the direct cause of the following exception:

Traceback (most recent call last):
  File "C:\Users\kanaka\Documents\kannect\kannect-journal-service\app\main.py", line 58, in startup_event
    conn.execute("SELECT 1")
    ~~~~~~~~~~~~^^^^^^^^^^^^
  File "C:\Users\kanaka\AppData\Local\Programs\Python\Python313\Lib\site-packages\sqlalchemy\engine\base.py", line 1413, in execute
    raise exc.ObjectNotExecutableError(statement) from err
sqlalchemy.exc.ObjectNotExecutableError: Not an executable object: 'SELECT 1'

2025-05-15 02:05:56,428 - sqlalchemy.engine.Engine - INFO - BEGIN (implicit)
2025-05-15 02:05:56,434 - sqlalchemy.engine.Engine - INFO - SELECT anon_1.users_id AS anon_1_users_id, anon_1.users_email AS anon_1_users_email, anon_1.users_user_name AS anon_1_users_user_name, anon_1.users_password AS anon_1_users_password, anon_1.users_first_name AS anon_1_users_first_name, anon_1.users_last_name AS anon_1_users_last_name, anon_1.users_department AS anon_1_users_department, anon_1.users_tech_stack AS anon_1_users_tech_stack, anon_1.users_profile_photo_url AS anon_1_users_profile_photo_url, anon_1.users_active AS anon_1_users_active, anon_1.users_wallet_balance AS anon_1_users_wallet_balance, anon_1.users_last_login AS anon_1_users_last_login, roles_1.id AS roles_1_id, roles_1.role_name AS roles_1_role_name 
FROM (SELECT users.id AS users_id, users.email AS users_email, users.user_name AS users_user_name, users.password AS users_password, users.first_name AS users_first_name, users.last_name AS users_last_name, users.department AS users_department, users.tech_stack AS users_tech_stack, users.profile_photo_url AS users_profile_photo_url, users.active AS users_active, users.wallet_balance AS users_wallet_balance, users.last_login AS users_last_login 
FROM users 
WHERE users.email = %(email_1)s 
 LIMIT %(param_1)s) AS anon_1 LEFT OUTER JOIN (user_roles AS user_roles_1 JOIN roles AS roles_1 ON roles_1.id = user_roles_1.role_id) ON anon_1.users_id = user_roles_1.user_id
2025-05-15 02:05:56,435 - sqlalchemy.engine.Engine - INFO - [generated in 0.00060s] {'email_1': 'shreyas', 'param_1': 1}
2025-05-15 02:05:56,617 - sqlalchemy.engine.Engine - INFO - SELECT anon_1.users_id AS anon_1_users_id, anon_1.users_email AS anon_1_users_email, anon_1.users_user_name AS anon_1_users_user_name, anon_1.users_password AS anon_1_users_password, anon_1.users_first_name AS anon_1_users_first_name, anon_1.users_last_name AS anon_1_users_last_name, anon_1.users_department AS anon_1_users_department, anon_1.users_tech_stack AS anon_1_users_tech_stack, anon_1.users_profile_photo_url AS anon_1_users_profile_photo_url, anon_1.users_active AS anon_1_users_active, anon_1.users_wallet_balance AS anon_1_users_wallet_balance, anon_1.users_last_login AS anon_1_users_last_login, roles_1.id AS roles_1_id, roles_1.role_name AS roles_1_role_name 
FROM (SELECT users.id AS users_id, users.email AS users_email, users.user_name AS users_user_name, users.password AS users_password, users.first_name AS users_first_name, users.last_name AS users_last_name, users.department AS users_department, users.tech_stack AS users_tech_stack, users.profile_photo_url AS users_profile_photo_url, users.active AS users_active, users.wallet_balance AS users_wallet_balance, users.last_login AS users_last_login 
FROM users 
WHERE users.user_name = %(user_name_1)s 
 LIMIT %(param_1)s) AS anon_1 LEFT OUTER JOIN (user_roles AS user_roles_1 JOIN roles AS roles_1 ON roles_1.id = user_roles_1.role_id) ON anon_1.users_id = user_roles_1.user_id
2025-05-15 02:05:56,617 - sqlalchemy.engine.Engine - INFO - [generated in 0.00108s] {'user_name_1': 'shreyas', 'param_1': 1}
2025-05-15 02:05:56,711 - sqlalchemy.engine.Engine - INFO - UPDATE users SET last_login=%(last_login)s WHERE users.id = %(users_id)s
2025-05-15 02:05:56,712 - sqlalchemy.engine.Engine - INFO - [generated in 0.00069s] {'last_login': datetime.datetime(2025, 5, 14, 20, 35, 56, 707694), 'users_id': 15}
2025-05-15 02:05:56,807 - sqlalchemy.engine.Engine - INFO - COMMIT
2025-05-15 02:05:56,874 - sqlalchemy.engine.Engine - INFO - BEGIN (implicit)
2025-05-15 02:05:56,878 - sqlalchemy.engine.Engine - INFO - SELECT users.id AS users_id, users.email AS users_email, users.user_name AS users_user_name, users.password AS users_password, users.first_name AS users_first_name, users.last_name AS users_last_name, users.department AS users_department, users.tech_stack AS users_tech_stack, users.profile_photo_url AS users_profile_photo_url, users.active AS users_active, users.wallet_balance AS users_wallet_balance, users.last_login AS users_last_login, roles_1.id AS roles_1_id, roles_1.role_name AS roles_1_role_name 
FROM users LEFT OUTER JOIN (user_roles AS user_roles_1 JOIN roles AS roles_1 ON roles_1.id = user_roles_1.role_id) ON users.id = user_roles_1.user_id 
WHERE users.id = %(pk_1)s
2025-05-15 02:05:56,878 - sqlalchemy.engine.Engine - INFO - [generated in 0.00049s] {'pk_1': 15}
2025-05-15 02:05:57,002 - sqlalchemy.engine.Engine - INFO - ROLLBACK
2025-05-15 02:05:57,077 - app.core.exceptions - ERROR - Unhandled error: 'str' object has no attribute '_sa_instance_state'
2025-05-15 02:05:57,077 - app.core.exceptions - DEBUG - Stack trace: Traceback (most recent call last):
  File "C:\Users\kanaka\AppData\Local\Programs\Python\Python313\Lib\site-packages\starlette\middleware\errors.py", line 165, in __call__
    await self.app(scope, receive, _send)
  File "C:\Users\kanaka\AppData\Local\Programs\Python\Python313\Lib\site-packages\starlette\middleware\cors.py", line 85, in __call__
    await self.app(scope, receive, send)
  File "C:\Users\kanaka\AppData\Local\Programs\Python\Python313\Lib\site-packages\starlette\middleware\exceptions.py", line 62, in __call__
    await wrap_app_handling_exceptions(self.app, conn)(scope, receive, send)
  File "C:\Users\kanaka\AppData\Local\Programs\Python\Python313\Lib\site-packages\starlette\_exception_handler.py", line 53, in wrapped_app
    raise exc
  File "C:\Users\kanaka\AppData\Local\Programs\Python\Python313\Lib\site-packages\starlette\_exception_handler.py", line 42, in wrapped_app
    await app(scope, receive, sender)
  File "C:\Users\kanaka\AppData\Local\Programs\Python\Python313\Lib\site-packages\starlette\routing.py", line 714, in __call__
    await self.middleware_stack(scope, receive, send)
  File "C:\Users\kanaka\AppData\Local\Programs\Python\Python313\Lib\site-packages\starlette\routing.py", line 734, in app
    await route.handle(scope, receive, send)
  File "C:\Users\kanaka\AppData\Local\Programs\Python\Python313\Lib\site-packages\starlette\routing.py", line 288, in handle
    await self.app(scope, receive, send)
  File "C:\Users\kanaka\AppData\Local\Programs\Python\Python313\Lib\site-packages\starlette\routing.py", line 76, in app
    await wrap_app_handling_exceptions(app, request)(scope, receive, send)
  File "C:\Users\kanaka\AppData\Local\Programs\Python\Python313\Lib\site-packages\starlette\_exception_handler.py", line 53, in wrapped_app
    raise exc
  File "C:\Users\kanaka\AppData\Local\Programs\Python\Python313\Lib\site-packages\starlette\_exception_handler.py", line 42, in wrapped_app
    await app(scope, receive, sender)
  File "C:\Users\kanaka\AppData\Local\Programs\Python\Python313\Lib\site-packages\starlette\routing.py", line 73, in app
    response = await f(request)
               ^^^^^^^^^^^^^^^^
  File "C:\Users\kanaka\AppData\Local\Programs\Python\Python313\Lib\site-packages\fastapi\routing.py", line 291, in app
    solved_result = await solve_dependencies(
                    ^^^^^^^^^^^^^^^^^^^^^^^^^
    ...<6 lines>...
    )
    ^
  File "C:\Users\kanaka\AppData\Local\Programs\Python\Python313\Lib\site-packages\fastapi\dependencies\utils.py", line 638, in solve_dependencies
    solved = await call(**solved_result.values)
             ^^^^^^^^^^^^^^^^^^^^^^^^^^^^^^^^^^
  File "C:\Users\kanaka\Documents\kannect\kannect-journal-service\app\core\dependencies.py", line 54, in get_current_user
    setattr(user, "roles", token_data.roles)
    ~~~~~~~^^^^^^^^^^^^^^^^^^^^^^^^^^^^^^^^^
  File "C:\Users\kanaka\AppData\Local\Programs\Python\Python313\Lib\site-packages\sqlalchemy\orm\attributes.py", line 537, in __set__
    self.impl.set(
    ~~~~~~~~~~~~~^
        instance_state(instance), instance_dict(instance), value, None
        ^^^^^^^^^^^^^^^^^^^^^^^^^^^^^^^^^^^^^^^^^^^^^^^^^^^^^^^^^^^^^^
    )
    ^
  File "C:\Users\kanaka\AppData\Local\Programs\Python\Python313\Lib\site-packages\sqlalchemy\orm\attributes.py", line 1985, in set
    collections.bulk_replace(
    ~~~~~~~~~~~~~~~~~~~~~~~~^
        new_values, old_collection, new_collection, initiator=evt
        ^^^^^^^^^^^^^^^^^^^^^^^^^^^^^^^^^^^^^^^^^^^^^^^^^^^^^^^^^
    )
    ^
  File "C:\Users\kanaka\AppData\Local\Programs\Python\Python313\Lib\site-packages\sqlalchemy\orm\collections.py", line 811, in bulk_replace
    appender(member, _sa_initiator=initiator)
    ~~~~~~~~^^^^^^^^^^^^^^^^^^^^^^^^^^^^^^^^^
  File "C:\Users\kanaka\AppData\Local\Programs\Python\Python313\Lib\site-packages\sqlalchemy\orm\collections.py", line 1138, in append
    item = __set(self, item, _sa_initiator, NO_KEY)
  File "C:\Users\kanaka\AppData\Local\Programs\Python\Python313\Lib\site-packages\sqlalchemy\orm\collections.py", line 1103, in __set
    item = executor.fire_append_event(item, _sa_initiator, key=key)
  File "C:\Users\kanaka\AppData\Local\Programs\Python\Python313\Lib\site-packages\sqlalchemy\orm\collections.py", line 695, in fire_append_event
    return self.attr.fire_append_event(
           ~~~~~~~~~~~~~~~~~~~~~~~~~~~^
        self.owner_state, self.owner_state.dict, item, initiator, key
        ^^^^^^^^^^^^^^^^^^^^^^^^^^^^^^^^^^^^^^^^^^^^^^^^^^^^^^^^^^^^^
    )
    ^
  File "C:\Users\kanaka\AppData\Local\Programs\Python\Python313\Lib\site-packages\sqlalchemy\orm\attributes.py", line 1752, in fire_append_event
    value = fn(state, value, initiator or self._append_token, key=key)
  File "C:\Users\kanaka\AppData\Local\Programs\Python\Python313\Lib\site-packages\sqlalchemy\orm\unitofwork.py", line 63, in append
    item_state = attributes.instance_state(item)
AttributeError: 'str' object has no attribute '_sa_instance_state'

2025-05-15 02:07:35,433 - root - INFO - Shutting down Journal API
2025-05-15 02:07:39,445 - sqlalchemy.engine.Engine - INFO - select pg_catalog.version()
2025-05-15 02:07:39,446 - sqlalchemy.engine.Engine - INFO - [raw sql] {}
2025-05-15 02:07:39,574 - sqlalchemy.engine.Engine - INFO - select current_schema()
2025-05-15 02:07:39,575 - sqlalchemy.engine.Engine - INFO - [raw sql] {}
2025-05-15 02:07:39,699 - sqlalchemy.engine.Engine - INFO - show standard_conforming_strings
2025-05-15 02:07:39,702 - sqlalchemy.engine.Engine - INFO - [raw sql] {}
2025-05-15 02:07:39,858 - sqlalchemy.engine.Engine - INFO - BEGIN (implicit)
2025-05-15 02:07:39,864 - sqlalchemy.engine.Engine - INFO - SELECT pg_catalog.pg_class.relname 
FROM pg_catalog.pg_class JOIN pg_catalog.pg_namespace ON pg_catalog.pg_namespace.oid = pg_catalog.pg_class.relnamespace 
WHERE pg_catalog.pg_class.relname = %(table_name)s AND pg_catalog.pg_class.relkind = ANY (ARRAY[%(param_1)s, %(param_2)s, %(param_3)s, %(param_4)s, %(param_5)s]) AND pg_catalog.pg_table_is_visible(pg_catalog.pg_class.oid) AND pg_catalog.pg_namespace.nspname != %(nspname_1)s
2025-05-15 02:07:39,864 - sqlalchemy.engine.Engine - INFO - [generated in 0.00073s] {'table_name': 'user_roles', 'param_1': 'r', 'param_2': 'p', 'param_3': 'f', 'param_4': 'v', 'param_5': 'm', 'nspname_1': 'pg_catalog'}
2025-05-15 02:07:39,992 - sqlalchemy.engine.Engine - INFO - SELECT pg_catalog.pg_class.relname 
FROM pg_catalog.pg_class JOIN pg_catalog.pg_namespace ON pg_catalog.pg_namespace.oid = pg_catalog.pg_class.relnamespace 
WHERE pg_catalog.pg_class.relname = %(table_name)s AND pg_catalog.pg_class.relkind = ANY (ARRAY[%(param_1)s, %(param_2)s, %(param_3)s, %(param_4)s, %(param_5)s]) AND pg_catalog.pg_table_is_visible(pg_catalog.pg_class.oid) AND pg_catalog.pg_namespace.nspname != %(nspname_1)s
2025-05-15 02:07:39,993 - sqlalchemy.engine.Engine - INFO - [cached since 0.1288s ago] {'table_name': 'roles', 'param_1': 'r', 'param_2': 'p', 'param_3': 'f', 'param_4': 'v', 'param_5': 'm', 'nspname_1': 'pg_catalog'}
2025-05-15 02:07:40,055 - sqlalchemy.engine.Engine - INFO - SELECT pg_catalog.pg_class.relname 
FROM pg_catalog.pg_class JOIN pg_catalog.pg_namespace ON pg_catalog.pg_namespace.oid = pg_catalog.pg_class.relnamespace 
WHERE pg_catalog.pg_class.relname = %(table_name)s AND pg_catalog.pg_class.relkind = ANY (ARRAY[%(param_1)s, %(param_2)s, %(param_3)s, %(param_4)s, %(param_5)s]) AND pg_catalog.pg_table_is_visible(pg_catalog.pg_class.oid) AND pg_catalog.pg_namespace.nspname != %(nspname_1)s
2025-05-15 02:07:40,056 - sqlalchemy.engine.Engine - INFO - [cached since 0.192s ago] {'table_name': 'users', 'param_1': 'r', 'param_2': 'p', 'param_3': 'f', 'param_4': 'v', 'param_5': 'm', 'nspname_1': 'pg_catalog'}
2025-05-15 02:07:40,118 - sqlalchemy.engine.Engine - INFO - SELECT pg_catalog.pg_class.relname 
FROM pg_catalog.pg_class JOIN pg_catalog.pg_namespace ON pg_catalog.pg_namespace.oid = pg_catalog.pg_class.relnamespace 
WHERE pg_catalog.pg_class.relname = %(table_name)s AND pg_catalog.pg_class.relkind = ANY (ARRAY[%(param_1)s, %(param_2)s, %(param_3)s, %(param_4)s, %(param_5)s]) AND pg_catalog.pg_table_is_visible(pg_catalog.pg_class.oid) AND pg_catalog.pg_namespace.nspname != %(nspname_1)s
2025-05-15 02:07:40,119 - sqlalchemy.engine.Engine - INFO - [cached since 0.255s ago] {'table_name': 'journal_entries', 'param_1': 'r', 'param_2': 'p', 'param_3': 'f', 'param_4': 'v', 'param_5': 'm', 'nspname_1': 'pg_catalog'}
2025-05-15 02:07:40,187 - sqlalchemy.engine.Engine - INFO - SELECT pg_catalog.pg_class.relname 
FROM pg_catalog.pg_class JOIN pg_catalog.pg_namespace ON pg_catalog.pg_namespace.oid = pg_catalog.pg_class.relnamespace 
WHERE pg_catalog.pg_class.relname = %(table_name)s AND pg_catalog.pg_class.relkind = ANY (ARRAY[%(param_1)s, %(param_2)s, %(param_3)s, %(param_4)s, %(param_5)s]) AND pg_catalog.pg_table_is_visible(pg_catalog.pg_class.oid) AND pg_catalog.pg_namespace.nspname != %(nspname_1)s
2025-05-15 02:07:40,188 - sqlalchemy.engine.Engine - INFO - [cached since 0.3238s ago] {'table_name': 'habits', 'param_1': 'r', 'param_2': 'p', 'param_3': 'f', 'param_4': 'v', 'param_5': 'm', 'nspname_1': 'pg_catalog'}
2025-05-15 02:07:40,251 - sqlalchemy.engine.Engine - INFO - SELECT pg_catalog.pg_class.relname 
FROM pg_catalog.pg_class JOIN pg_catalog.pg_namespace ON pg_catalog.pg_namespace.oid = pg_catalog.pg_class.relnamespace 
WHERE pg_catalog.pg_class.relname = %(table_name)s AND pg_catalog.pg_class.relkind = ANY (ARRAY[%(param_1)s, %(param_2)s, %(param_3)s, %(param_4)s, %(param_5)s]) AND pg_catalog.pg_table_is_visible(pg_catalog.pg_class.oid) AND pg_catalog.pg_namespace.nspname != %(nspname_1)s
2025-05-15 02:07:40,251 - sqlalchemy.engine.Engine - INFO - [cached since 0.3876s ago] {'table_name': 'habit_logs', 'param_1': 'r', 'param_2': 'p', 'param_3': 'f', 'param_4': 'v', 'param_5': 'm', 'nspname_1': 'pg_catalog'}
2025-05-15 02:07:40,314 - sqlalchemy.engine.Engine - INFO - SELECT pg_catalog.pg_class.relname 
FROM pg_catalog.pg_class JOIN pg_catalog.pg_namespace ON pg_catalog.pg_namespace.oid = pg_catalog.pg_class.relnamespace 
WHERE pg_catalog.pg_class.relname = %(table_name)s AND pg_catalog.pg_class.relkind = ANY (ARRAY[%(param_1)s, %(param_2)s, %(param_3)s, %(param_4)s, %(param_5)s]) AND pg_catalog.pg_table_is_visible(pg_catalog.pg_class.oid) AND pg_catalog.pg_namespace.nspname != %(nspname_1)s
2025-05-15 02:07:40,314 - sqlalchemy.engine.Engine - INFO - [cached since 0.4504s ago] {'table_name': 'goals', 'param_1': 'r', 'param_2': 'p', 'param_3': 'f', 'param_4': 'v', 'param_5': 'm', 'nspname_1': 'pg_catalog'}
2025-05-15 02:07:40,376 - sqlalchemy.engine.Engine - INFO - COMMIT
2025-05-15 02:07:40,438 - root - INFO - Database tables created successfully
2025-05-15 02:07:40,482 - root - INFO - Starting up Journal API
2025-05-15 02:07:40,483 - root - ERROR - Database connection test failed: Not an executable object: 'SELECT 1'
2025-05-15 02:07:40,488 - root - DEBUG - Stack trace: Traceback (most recent call last):
  File "C:\Users\kanaka\AppData\Local\Programs\Python\Python313\Lib\site-packages\sqlalchemy\engine\base.py", line 1411, in execute
    meth = statement._execute_on_connection
           ^^^^^^^^^^^^^^^^^^^^^^^^^^^^^^^^
AttributeError: 'str' object has no attribute '_execute_on_connection'

The above exception was the direct cause of the following exception:

Traceback (most recent call last):
  File "C:\Users\kanaka\Documents\kannect\kannect-journal-service\app\main.py", line 58, in startup_event
    conn.execute("SELECT 1")
    ~~~~~~~~~~~~^^^^^^^^^^^^
  File "C:\Users\kanaka\AppData\Local\Programs\Python\Python313\Lib\site-packages\sqlalchemy\engine\base.py", line 1413, in execute
    raise exc.ObjectNotExecutableError(statement) from err
sqlalchemy.exc.ObjectNotExecutableError: Not an executable object: 'SELECT 1'

2025-05-15 02:07:52,251 - root - INFO - Shutting down Journal API
2025-05-15 02:07:55,367 - sqlalchemy.engine.Engine - INFO - select pg_catalog.version()
2025-05-15 02:07:55,368 - sqlalchemy.engine.Engine - INFO - [raw sql] {}
2025-05-15 02:07:55,488 - sqlalchemy.engine.Engine - INFO - select current_schema()
2025-05-15 02:07:55,488 - sqlalchemy.engine.Engine - INFO - [raw sql] {}
2025-05-15 02:07:55,612 - sqlalchemy.engine.Engine - INFO - show standard_conforming_strings
2025-05-15 02:07:55,613 - sqlalchemy.engine.Engine - INFO - [raw sql] {}
2025-05-15 02:07:55,735 - sqlalchemy.engine.Engine - INFO - BEGIN (implicit)
2025-05-15 02:07:55,742 - sqlalchemy.engine.Engine - INFO - SELECT pg_catalog.pg_class.relname 
FROM pg_catalog.pg_class JOIN pg_catalog.pg_namespace ON pg_catalog.pg_namespace.oid = pg_catalog.pg_class.relnamespace 
WHERE pg_catalog.pg_class.relname = %(table_name)s AND pg_catalog.pg_class.relkind = ANY (ARRAY[%(param_1)s, %(param_2)s, %(param_3)s, %(param_4)s, %(param_5)s]) AND pg_catalog.pg_table_is_visible(pg_catalog.pg_class.oid) AND pg_catalog.pg_namespace.nspname != %(nspname_1)s
2025-05-15 02:07:55,743 - sqlalchemy.engine.Engine - INFO - [generated in 0.00089s] {'table_name': 'user_roles', 'param_1': 'r', 'param_2': 'p', 'param_3': 'f', 'param_4': 'v', 'param_5': 'm', 'nspname_1': 'pg_catalog'}
2025-05-15 02:07:55,866 - sqlalchemy.engine.Engine - INFO - SELECT pg_catalog.pg_class.relname 
FROM pg_catalog.pg_class JOIN pg_catalog.pg_namespace ON pg_catalog.pg_namespace.oid = pg_catalog.pg_class.relnamespace 
WHERE pg_catalog.pg_class.relname = %(table_name)s AND pg_catalog.pg_class.relkind = ANY (ARRAY[%(param_1)s, %(param_2)s, %(param_3)s, %(param_4)s, %(param_5)s]) AND pg_catalog.pg_table_is_visible(pg_catalog.pg_class.oid) AND pg_catalog.pg_namespace.nspname != %(nspname_1)s
2025-05-15 02:07:55,867 - sqlalchemy.engine.Engine - INFO - [cached since 0.125s ago] {'table_name': 'roles', 'param_1': 'r', 'param_2': 'p', 'param_3': 'f', 'param_4': 'v', 'param_5': 'm', 'nspname_1': 'pg_catalog'}
2025-05-15 02:07:55,974 - sqlalchemy.engine.Engine - INFO - SELECT pg_catalog.pg_class.relname 
FROM pg_catalog.pg_class JOIN pg_catalog.pg_namespace ON pg_catalog.pg_namespace.oid = pg_catalog.pg_class.relnamespace 
WHERE pg_catalog.pg_class.relname = %(table_name)s AND pg_catalog.pg_class.relkind = ANY (ARRAY[%(param_1)s, %(param_2)s, %(param_3)s, %(param_4)s, %(param_5)s]) AND pg_catalog.pg_table_is_visible(pg_catalog.pg_class.oid) AND pg_catalog.pg_namespace.nspname != %(nspname_1)s
2025-05-15 02:07:55,975 - sqlalchemy.engine.Engine - INFO - [cached since 0.2334s ago] {'table_name': 'users', 'param_1': 'r', 'param_2': 'p', 'param_3': 'f', 'param_4': 'v', 'param_5': 'm', 'nspname_1': 'pg_catalog'}
2025-05-15 02:07:56,037 - sqlalchemy.engine.Engine - INFO - SELECT pg_catalog.pg_class.relname 
FROM pg_catalog.pg_class JOIN pg_catalog.pg_namespace ON pg_catalog.pg_namespace.oid = pg_catalog.pg_class.relnamespace 
WHERE pg_catalog.pg_class.relname = %(table_name)s AND pg_catalog.pg_class.relkind = ANY (ARRAY[%(param_1)s, %(param_2)s, %(param_3)s, %(param_4)s, %(param_5)s]) AND pg_catalog.pg_table_is_visible(pg_catalog.pg_class.oid) AND pg_catalog.pg_namespace.nspname != %(nspname_1)s
2025-05-15 02:07:56,037 - sqlalchemy.engine.Engine - INFO - [cached since 0.2957s ago] {'table_name': 'journal_entries', 'param_1': 'r', 'param_2': 'p', 'param_3': 'f', 'param_4': 'v', 'param_5': 'm', 'nspname_1': 'pg_catalog'}
2025-05-15 02:07:56,104 - sqlalchemy.engine.Engine - INFO - SELECT pg_catalog.pg_class.relname 
FROM pg_catalog.pg_class JOIN pg_catalog.pg_namespace ON pg_catalog.pg_namespace.oid = pg_catalog.pg_class.relnamespace 
WHERE pg_catalog.pg_class.relname = %(table_name)s AND pg_catalog.pg_class.relkind = ANY (ARRAY[%(param_1)s, %(param_2)s, %(param_3)s, %(param_4)s, %(param_5)s]) AND pg_catalog.pg_table_is_visible(pg_catalog.pg_class.oid) AND pg_catalog.pg_namespace.nspname != %(nspname_1)s
2025-05-15 02:07:56,105 - sqlalchemy.engine.Engine - INFO - [cached since 0.363s ago] {'table_name': 'habits', 'param_1': 'r', 'param_2': 'p', 'param_3': 'f', 'param_4': 'v', 'param_5': 'm', 'nspname_1': 'pg_catalog'}
2025-05-15 02:07:56,168 - sqlalchemy.engine.Engine - INFO - SELECT pg_catalog.pg_class.relname 
FROM pg_catalog.pg_class JOIN pg_catalog.pg_namespace ON pg_catalog.pg_namespace.oid = pg_catalog.pg_class.relnamespace 
WHERE pg_catalog.pg_class.relname = %(table_name)s AND pg_catalog.pg_class.relkind = ANY (ARRAY[%(param_1)s, %(param_2)s, %(param_3)s, %(param_4)s, %(param_5)s]) AND pg_catalog.pg_table_is_visible(pg_catalog.pg_class.oid) AND pg_catalog.pg_namespace.nspname != %(nspname_1)s
2025-05-15 02:07:56,169 - sqlalchemy.engine.Engine - INFO - [cached since 0.4271s ago] {'table_name': 'habit_logs', 'param_1': 'r', 'param_2': 'p', 'param_3': 'f', 'param_4': 'v', 'param_5': 'm', 'nspname_1': 'pg_catalog'}
2025-05-15 02:07:56,230 - sqlalchemy.engine.Engine - INFO - SELECT pg_catalog.pg_class.relname 
FROM pg_catalog.pg_class JOIN pg_catalog.pg_namespace ON pg_catalog.pg_namespace.oid = pg_catalog.pg_class.relnamespace 
WHERE pg_catalog.pg_class.relname = %(table_name)s AND pg_catalog.pg_class.relkind = ANY (ARRAY[%(param_1)s, %(param_2)s, %(param_3)s, %(param_4)s, %(param_5)s]) AND pg_catalog.pg_table_is_visible(pg_catalog.pg_class.oid) AND pg_catalog.pg_namespace.nspname != %(nspname_1)s
2025-05-15 02:07:56,230 - sqlalchemy.engine.Engine - INFO - [cached since 0.4883s ago] {'table_name': 'goals', 'param_1': 'r', 'param_2': 'p', 'param_3': 'f', 'param_4': 'v', 'param_5': 'm', 'nspname_1': 'pg_catalog'}
2025-05-15 02:07:56,293 - sqlalchemy.engine.Engine - INFO - COMMIT
2025-05-15 02:07:56,354 - root - INFO - Database tables created successfully
2025-05-15 02:07:56,382 - root - INFO - Starting up Journal API
2025-05-15 02:07:56,382 - root - ERROR - Database connection test failed: Not an executable object: 'SELECT 1'
2025-05-15 02:07:56,384 - root - DEBUG - Stack trace: Traceback (most recent call last):
  File "C:\Users\kanaka\AppData\Local\Programs\Python\Python313\Lib\site-packages\sqlalchemy\engine\base.py", line 1411, in execute
    meth = statement._execute_on_connection
           ^^^^^^^^^^^^^^^^^^^^^^^^^^^^^^^^
AttributeError: 'str' object has no attribute '_execute_on_connection'

The above exception was the direct cause of the following exception:

Traceback (most recent call last):
  File "C:\Users\kanaka\Documents\kannect\kannect-journal-service\app\main.py", line 58, in startup_event
    conn.execute("SELECT 1")
    ~~~~~~~~~~~~^^^^^^^^^^^^
  File "C:\Users\kanaka\AppData\Local\Programs\Python\Python313\Lib\site-packages\sqlalchemy\engine\base.py", line 1413, in execute
    raise exc.ObjectNotExecutableError(statement) from err
sqlalchemy.exc.ObjectNotExecutableError: Not an executable object: 'SELECT 1'

2025-05-15 02:08:24,951 - sqlalchemy.engine.Engine - INFO - BEGIN (implicit)
2025-05-15 02:08:24,959 - sqlalchemy.engine.Engine - INFO - SELECT anon_1.users_id AS anon_1_users_id, anon_1.users_email AS anon_1_users_email, anon_1.users_user_name AS anon_1_users_user_name, anon_1.users_password AS anon_1_users_password, anon_1.users_first_name AS anon_1_users_first_name, anon_1.users_last_name AS anon_1_users_last_name, anon_1.users_department AS anon_1_users_department, anon_1.users_tech_stack AS anon_1_users_tech_stack, anon_1.users_profile_photo_url AS anon_1_users_profile_photo_url, anon_1.users_active AS anon_1_users_active, anon_1.users_wallet_balance AS anon_1_users_wallet_balance, anon_1.users_last_login AS anon_1_users_last_login, roles_1.id AS roles_1_id, roles_1.role_name AS roles_1_role_name 
FROM (SELECT users.id AS users_id, users.email AS users_email, users.user_name AS users_user_name, users.password AS users_password, users.first_name AS users_first_name, users.last_name AS users_last_name, users.department AS users_department, users.tech_stack AS users_tech_stack, users.profile_photo_url AS users_profile_photo_url, users.active AS users_active, users.wallet_balance AS users_wallet_balance, users.last_login AS users_last_login 
FROM users 
WHERE users.email = %(email_1)s 
 LIMIT %(param_1)s) AS anon_1 LEFT OUTER JOIN (user_roles AS user_roles_1 JOIN roles AS roles_1 ON roles_1.id = user_roles_1.role_id) ON anon_1.users_id = user_roles_1.user_id
2025-05-15 02:08:24,959 - sqlalchemy.engine.Engine - INFO - [generated in 0.00071s] {'email_1': 'shreyas', 'param_1': 1}
2025-05-15 02:08:25,126 - sqlalchemy.engine.Engine - INFO - SELECT anon_1.users_id AS anon_1_users_id, anon_1.users_email AS anon_1_users_email, anon_1.users_user_name AS anon_1_users_user_name, anon_1.users_password AS anon_1_users_password, anon_1.users_first_name AS anon_1_users_first_name, anon_1.users_last_name AS anon_1_users_last_name, anon_1.users_department AS anon_1_users_department, anon_1.users_tech_stack AS anon_1_users_tech_stack, anon_1.users_profile_photo_url AS anon_1_users_profile_photo_url, anon_1.users_active AS anon_1_users_active, anon_1.users_wallet_balance AS anon_1_users_wallet_balance, anon_1.users_last_login AS anon_1_users_last_login, roles_1.id AS roles_1_id, roles_1.role_name AS roles_1_role_name 
FROM (SELECT users.id AS users_id, users.email AS users_email, users.user_name AS users_user_name, users.password AS users_password, users.first_name AS users_first_name, users.last_name AS users_last_name, users.department AS users_department, users.tech_stack AS users_tech_stack, users.profile_photo_url AS users_profile_photo_url, users.active AS users_active, users.wallet_balance AS users_wallet_balance, users.last_login AS users_last_login 
FROM users 
WHERE users.user_name = %(user_name_1)s 
 LIMIT %(param_1)s) AS anon_1 LEFT OUTER JOIN (user_roles AS user_roles_1 JOIN roles AS roles_1 ON roles_1.id = user_roles_1.role_id) ON anon_1.users_id = user_roles_1.user_id
2025-05-15 02:08:25,126 - sqlalchemy.engine.Engine - INFO - [generated in 0.00070s] {'user_name_1': 'shreyas', 'param_1': 1}
2025-05-15 02:08:25,191 - sqlalchemy.engine.Engine - INFO - SELECT roles.id AS roles_id, roles.role_name AS roles_role_name 
FROM roles 
WHERE roles.role_name = %(role_name_1)s 
 LIMIT %(param_1)s
2025-05-15 02:08:25,191 - sqlalchemy.engine.Engine - INFO - [generated in 0.00075s] {'role_name_1': 'ROLE_ADMIN', 'param_1': 1}
2025-05-15 02:08:25,255 - sqlalchemy.engine.Engine - INFO - INSERT INTO roles (role_name) VALUES (%(role_name)s) RETURNING roles.id
2025-05-15 02:08:25,255 - sqlalchemy.engine.Engine - INFO - [generated in 0.00053s] {'role_name': 'ROLE_ADMIN'}
2025-05-15 02:08:25,319 - sqlalchemy.engine.Engine - INFO - UPDATE users SET last_login=%(last_login)s WHERE users.id = %(users_id)s
2025-05-15 02:08:25,319 - sqlalchemy.engine.Engine - INFO - [generated in 0.00081s] {'last_login': datetime.datetime(2025, 5, 14, 20, 38, 25, 189317), 'users_id': 15}
2025-05-15 02:08:25,414 - sqlalchemy.engine.Engine - INFO - DELETE FROM user_roles WHERE user_roles.user_id = %(user_id)s AND user_roles.role_id = %(role_id)s
2025-05-15 02:08:25,414 - sqlalchemy.engine.Engine - INFO - [generated in 0.00060s] {'user_id': 15, 'role_id': 15}
2025-05-15 02:08:25,474 - sqlalchemy.engine.Engine - INFO - INSERT INTO user_roles (user_id, role_id) VALUES (%(user_id)s, %(role_id)s)
2025-05-15 02:08:25,474 - sqlalchemy.engine.Engine - INFO - [generated in 0.00040s] {'user_id': 15, 'role_id': 17}
2025-05-15 02:08:25,535 - sqlalchemy.engine.Engine - INFO - COMMIT
2025-05-15 02:08:25,672 - sqlalchemy.engine.Engine - INFO - BEGIN (implicit)
2025-05-15 02:08:25,678 - sqlalchemy.engine.Engine - INFO - SELECT users.id AS users_id, users.email AS users_email, users.user_name AS users_user_name, users.password AS users_password, users.first_name AS users_first_name, users.last_name AS users_last_name, users.department AS users_department, users.tech_stack AS users_tech_stack, users.profile_photo_url AS users_profile_photo_url, users.active AS users_active, users.wallet_balance AS users_wallet_balance, users.last_login AS users_last_login, roles_1.id AS roles_1_id, roles_1.role_name AS roles_1_role_name 
FROM users LEFT OUTER JOIN (user_roles AS user_roles_1 JOIN roles AS roles_1 ON roles_1.id = user_roles_1.role_id) ON users.id = user_roles_1.user_id 
WHERE users.id = %(pk_1)s
2025-05-15 02:08:25,678 - sqlalchemy.engine.Engine - INFO - [generated in 0.00064s] {'pk_1': 15}
2025-05-15 02:08:25,799 - app.services.journal - INFO - Creating new journal entry for user 15
2025-05-15 02:08:25,901 - app.services.journal - DEBUG - Sentiment analysis result: {'score': 1.0, 'label': 'positive'}
2025-05-15 02:08:25,904 - sqlalchemy.engine.Engine - INFO - INSERT INTO journal_entries (user_id, content, sentiment_score, sentiment_label) VALUES (%(user_id)s, %(content)s, %(sentiment_score)s, %(sentiment_label)s) RETURNING journal_entries.id, journal_entries.created_at, journal_entries.updated_at
2025-05-15 02:08:25,904 - sqlalchemy.engine.Engine - INFO - [generated in 0.00072s] {'user_id': 15, 'content': 'Today was a great day!', 'sentiment_score': 1.0, 'sentiment_label': 'positive'}
2025-05-15 02:08:25,968 - sqlalchemy.engine.Engine - INFO - COMMIT
2025-05-15 02:08:26,081 - sqlalchemy.engine.Engine - INFO - BEGIN (implicit)
2025-05-15 02:08:26,084 - sqlalchemy.engine.Engine - INFO - SELECT journal_entries.id, journal_entries.user_id, journal_entries.content, journal_entries.sentiment_score, journal_entries.sentiment_label, journal_entries.created_at, journal_entries.updated_at 
FROM journal_entries 
WHERE journal_entries.id = %(pk_1)s
2025-05-15 02:08:26,084 - sqlalchemy.engine.Engine - INFO - [generated in 0.00087s] {'pk_1': 1}
2025-05-15 02:08:26,208 - app.services.journal - INFO - Successfully created journal entry 1
2025-05-15 02:08:26,209 - sqlalchemy.engine.Engine - INFO - ROLLBACK
2025-05-15 02:08:46,669 - sqlalchemy.engine.Engine - INFO - BEGIN (implicit)
2025-05-15 02:08:46,670 - sqlalchemy.engine.Engine - INFO - SELECT anon_1.users_id AS anon_1_users_id, anon_1.users_email AS anon_1_users_email, anon_1.users_user_name AS anon_1_users_user_name, anon_1.users_password AS anon_1_users_password, anon_1.users_first_name AS anon_1_users_first_name, anon_1.users_last_name AS anon_1_users_last_name, anon_1.users_department AS anon_1_users_department, anon_1.users_tech_stack AS anon_1_users_tech_stack, anon_1.users_profile_photo_url AS anon_1_users_profile_photo_url, anon_1.users_active AS anon_1_users_active, anon_1.users_wallet_balance AS anon_1_users_wallet_balance, anon_1.users_last_login AS anon_1_users_last_login, roles_1.id AS roles_1_id, roles_1.role_name AS roles_1_role_name 
FROM (SELECT users.id AS users_id, users.email AS users_email, users.user_name AS users_user_name, users.password AS users_password, users.first_name AS users_first_name, users.last_name AS users_last_name, users.department AS users_department, users.tech_stack AS users_tech_stack, users.profile_photo_url AS users_profile_photo_url, users.active AS users_active, users.wallet_balance AS users_wallet_balance, users.last_login AS users_last_login 
FROM users 
WHERE users.email = %(email_1)s 
 LIMIT %(param_1)s) AS anon_1 LEFT OUTER JOIN (user_roles AS user_roles_1 JOIN roles AS roles_1 ON roles_1.id = user_roles_1.role_id) ON anon_1.users_id = user_roles_1.user_id
2025-05-15 02:08:46,670 - sqlalchemy.engine.Engine - INFO - [cached since 21.71s ago] {'email_1': 'shreyas', 'param_1': 1}
2025-05-15 02:08:46,805 - sqlalchemy.engine.Engine - INFO - SELECT anon_1.users_id AS anon_1_users_id, anon_1.users_email AS anon_1_users_email, anon_1.users_user_name AS anon_1_users_user_name, anon_1.users_password AS anon_1_users_password, anon_1.users_first_name AS anon_1_users_first_name, anon_1.users_last_name AS anon_1_users_last_name, anon_1.users_department AS anon_1_users_department, anon_1.users_tech_stack AS anon_1_users_tech_stack, anon_1.users_profile_photo_url AS anon_1_users_profile_photo_url, anon_1.users_active AS anon_1_users_active, anon_1.users_wallet_balance AS anon_1_users_wallet_balance, anon_1.users_last_login AS anon_1_users_last_login, roles_1.id AS roles_1_id, roles_1.role_name AS roles_1_role_name 
FROM (SELECT users.id AS users_id, users.email AS users_email, users.user_name AS users_user_name, users.password AS users_password, users.first_name AS users_first_name, users.last_name AS users_last_name, users.department AS users_department, users.tech_stack AS users_tech_stack, users.profile_photo_url AS users_profile_photo_url, users.active AS users_active, users.wallet_balance AS users_wallet_balance, users.last_login AS users_last_login 
FROM users 
WHERE users.user_name = %(user_name_1)s 
 LIMIT %(param_1)s) AS anon_1 LEFT OUTER JOIN (user_roles AS user_roles_1 JOIN roles AS roles_1 ON roles_1.id = user_roles_1.role_id) ON anon_1.users_id = user_roles_1.user_id
2025-05-15 02:08:46,806 - sqlalchemy.engine.Engine - INFO - [cached since 21.68s ago] {'user_name_1': 'shreyas', 'param_1': 1}
2025-05-15 02:08:46,867 - sqlalchemy.engine.Engine - INFO - SELECT roles.id AS roles_id, roles.role_name AS roles_role_name 
FROM roles 
WHERE roles.role_name = %(role_name_1)s 
 LIMIT %(param_1)s
2025-05-15 02:08:46,868 - sqlalchemy.engine.Engine - INFO - [cached since 21.68s ago] {'role_name_1': 'ROLE_ADMIN', 'param_1': 1}
2025-05-15 02:08:46,929 - sqlalchemy.engine.Engine - INFO - UPDATE users SET last_login=%(last_login)s WHERE users.id = %(users_id)s
2025-05-15 02:08:46,930 - sqlalchemy.engine.Engine - INFO - [cached since 21.61s ago] {'last_login': datetime.datetime(2025, 5, 14, 20, 38, 46, 867251), 'users_id': 15}
2025-05-15 02:08:46,990 - sqlalchemy.engine.Engine - INFO - COMMIT
2025-05-15 02:08:47,060 - sqlalchemy.engine.Engine - INFO - BEGIN (implicit)
2025-05-15 02:08:47,060 - sqlalchemy.engine.Engine - INFO - SELECT users.id AS users_id, users.email AS users_email, users.user_name AS users_user_name, users.password AS users_password, users.first_name AS users_first_name, users.last_name AS users_last_name, users.department AS users_department, users.tech_stack AS users_tech_stack, users.profile_photo_url AS users_profile_photo_url, users.active AS users_active, users.wallet_balance AS users_wallet_balance, users.last_login AS users_last_login, roles_1.id AS roles_1_id, roles_1.role_name AS roles_1_role_name 
FROM users LEFT OUTER JOIN (user_roles AS user_roles_1 JOIN roles AS roles_1 ON roles_1.id = user_roles_1.role_id) ON users.id = user_roles_1.user_id 
WHERE users.id = %(pk_1)s
2025-05-15 02:08:47,061 - sqlalchemy.engine.Engine - INFO - [cached since 21.38s ago] {'pk_1': 15}
2025-05-15 02:08:47,180 - app.services.journal - INFO - Fetching journal entries for user 15 (skip=0, limit=100)
2025-05-15 02:08:47,184 - sqlalchemy.engine.Engine - INFO - SELECT journal_entries.id AS journal_entries_id, journal_entries.user_id AS journal_entries_user_id, journal_entries.content AS journal_entries_content, journal_entries.sentiment_score AS journal_entries_sentiment_score, journal_entries.sentiment_label AS journal_entries_sentiment_label, journal_entries.created_at AS journal_entries_created_at, journal_entries.updated_at AS journal_entries_updated_at 
FROM journal_entries 
WHERE journal_entries.user_id = %(user_id_1)s ORDER BY journal_entries.created_at DESC 
 LIMIT %(param_1)s OFFSET %(param_2)s
2025-05-15 02:08:47,185 - sqlalchemy.engine.Engine - INFO - [generated in 0.00071s] {'user_id_1': 15, 'param_1': 100, 'param_2': 0}
2025-05-15 02:08:47,251 - app.services.journal - INFO - Found 1 journal entries
2025-05-15 02:08:47,252 - sqlalchemy.engine.Engine - INFO - ROLLBACK
2025-05-15 02:08:59,742 - sqlalchemy.engine.Engine - INFO - BEGIN (implicit)
2025-05-15 02:08:59,742 - sqlalchemy.engine.Engine - INFO - SELECT anon_1.users_id AS anon_1_users_id, anon_1.users_email AS anon_1_users_email, anon_1.users_user_name AS anon_1_users_user_name, anon_1.users_password AS anon_1_users_password, anon_1.users_first_name AS anon_1_users_first_name, anon_1.users_last_name AS anon_1_users_last_name, anon_1.users_department AS anon_1_users_department, anon_1.users_tech_stack AS anon_1_users_tech_stack, anon_1.users_profile_photo_url AS anon_1_users_profile_photo_url, anon_1.users_active AS anon_1_users_active, anon_1.users_wallet_balance AS anon_1_users_wallet_balance, anon_1.users_last_login AS anon_1_users_last_login, roles_1.id AS roles_1_id, roles_1.role_name AS roles_1_role_name 
FROM (SELECT users.id AS users_id, users.email AS users_email, users.user_name AS users_user_name, users.password AS users_password, users.first_name AS users_first_name, users.last_name AS users_last_name, users.department AS users_department, users.tech_stack AS users_tech_stack, users.profile_photo_url AS users_profile_photo_url, users.active AS users_active, users.wallet_balance AS users_wallet_balance, users.last_login AS users_last_login 
FROM users 
WHERE users.email = %(email_1)s 
 LIMIT %(param_1)s) AS anon_1 LEFT OUTER JOIN (user_roles AS user_roles_1 JOIN roles AS roles_1 ON roles_1.id = user_roles_1.role_id) ON anon_1.users_id = user_roles_1.user_id
2025-05-15 02:08:59,743 - sqlalchemy.engine.Engine - INFO - [cached since 34.78s ago] {'email_1': 'shreyas', 'param_1': 1}
2025-05-15 02:08:59,864 - sqlalchemy.engine.Engine - INFO - SELECT anon_1.users_id AS anon_1_users_id, anon_1.users_email AS anon_1_users_email, anon_1.users_user_name AS anon_1_users_user_name, anon_1.users_password AS anon_1_users_password, anon_1.users_first_name AS anon_1_users_first_name, anon_1.users_last_name AS anon_1_users_last_name, anon_1.users_department AS anon_1_users_department, anon_1.users_tech_stack AS anon_1_users_tech_stack, anon_1.users_profile_photo_url AS anon_1_users_profile_photo_url, anon_1.users_active AS anon_1_users_active, anon_1.users_wallet_balance AS anon_1_users_wallet_balance, anon_1.users_last_login AS anon_1_users_last_login, roles_1.id AS roles_1_id, roles_1.role_name AS roles_1_role_name 
FROM (SELECT users.id AS users_id, users.email AS users_email, users.user_name AS users_user_name, users.password AS users_password, users.first_name AS users_first_name, users.last_name AS users_last_name, users.department AS users_department, users.tech_stack AS users_tech_stack, users.profile_photo_url AS users_profile_photo_url, users.active AS users_active, users.wallet_balance AS users_wallet_balance, users.last_login AS users_last_login 
FROM users 
WHERE users.user_name = %(user_name_1)s 
 LIMIT %(param_1)s) AS anon_1 LEFT OUTER JOIN (user_roles AS user_roles_1 JOIN roles AS roles_1 ON roles_1.id = user_roles_1.role_id) ON anon_1.users_id = user_roles_1.user_id
2025-05-15 02:08:59,864 - sqlalchemy.engine.Engine - INFO - [cached since 34.74s ago] {'user_name_1': 'shreyas', 'param_1': 1}
2025-05-15 02:08:59,925 - sqlalchemy.engine.Engine - INFO - SELECT roles.id AS roles_id, roles.role_name AS roles_role_name 
FROM roles 
WHERE roles.role_name = %(role_name_1)s 
 LIMIT %(param_1)s
2025-05-15 02:08:59,925 - sqlalchemy.engine.Engine - INFO - [cached since 34.74s ago] {'role_name_1': 'ROLE_ADMIN', 'param_1': 1}
2025-05-15 02:08:59,986 - sqlalchemy.engine.Engine - INFO - UPDATE users SET last_login=%(last_login)s WHERE users.id = %(users_id)s
2025-05-15 02:08:59,986 - sqlalchemy.engine.Engine - INFO - [cached since 34.67s ago] {'last_login': datetime.datetime(2025, 5, 14, 20, 38, 59, 924685), 'users_id': 15}
2025-05-15 02:09:00,048 - sqlalchemy.engine.Engine - INFO - COMMIT
2025-05-15 02:09:00,112 - sqlalchemy.engine.Engine - INFO - BEGIN (implicit)
2025-05-15 02:09:00,113 - sqlalchemy.engine.Engine - INFO - SELECT users.id AS users_id, users.email AS users_email, users.user_name AS users_user_name, users.password AS users_password, users.first_name AS users_first_name, users.last_name AS users_last_name, users.department AS users_department, users.tech_stack AS users_tech_stack, users.profile_photo_url AS users_profile_photo_url, users.active AS users_active, users.wallet_balance AS users_wallet_balance, users.last_login AS users_last_login, roles_1.id AS roles_1_id, roles_1.role_name AS roles_1_role_name 
FROM users LEFT OUTER JOIN (user_roles AS user_roles_1 JOIN roles AS roles_1 ON roles_1.id = user_roles_1.role_id) ON users.id = user_roles_1.user_id 
WHERE users.id = %(pk_1)s
2025-05-15 02:09:00,113 - sqlalchemy.engine.Engine - INFO - [cached since 34.44s ago] {'pk_1': 15}
2025-05-15 02:09:00,233 - app.services.journal - INFO - Fetching journal entry 1 for user 15
2025-05-15 02:09:00,234 - sqlalchemy.engine.Engine - INFO - SELECT journal_entries.id AS journal_entries_id, journal_entries.user_id AS journal_entries_user_id, journal_entries.content AS journal_entries_content, journal_entries.sentiment_score AS journal_entries_sentiment_score, journal_entries.sentiment_label AS journal_entries_sentiment_label, journal_entries.created_at AS journal_entries_created_at, journal_entries.updated_at AS journal_entries_updated_at 
FROM journal_entries 
WHERE journal_entries.id = %(id_1)s AND journal_entries.user_id = %(user_id_1)s 
 LIMIT %(param_1)s
2025-05-15 02:09:00,235 - sqlalchemy.engine.Engine - INFO - [generated in 0.00067s] {'id_1': 1, 'user_id_1': 15, 'param_1': 1}
2025-05-15 02:09:00,296 - app.services.journal - INFO - Journal entry found
2025-05-15 02:09:00,297 - sqlalchemy.engine.Engine - INFO - ROLLBACK
2025-05-15 02:09:31,420 - sqlalchemy.engine.Engine - INFO - BEGIN (implicit)
2025-05-15 02:09:31,421 - sqlalchemy.engine.Engine - INFO - SELECT anon_1.users_id AS anon_1_users_id, anon_1.users_email AS anon_1_users_email, anon_1.users_user_name AS anon_1_users_user_name, anon_1.users_password AS anon_1_users_password, anon_1.users_first_name AS anon_1_users_first_name, anon_1.users_last_name AS anon_1_users_last_name, anon_1.users_department AS anon_1_users_department, anon_1.users_tech_stack AS anon_1_users_tech_stack, anon_1.users_profile_photo_url AS anon_1_users_profile_photo_url, anon_1.users_active AS anon_1_users_active, anon_1.users_wallet_balance AS anon_1_users_wallet_balance, anon_1.users_last_login AS anon_1_users_last_login, roles_1.id AS roles_1_id, roles_1.role_name AS roles_1_role_name 
FROM (SELECT users.id AS users_id, users.email AS users_email, users.user_name AS users_user_name, users.password AS users_password, users.first_name AS users_first_name, users.last_name AS users_last_name, users.department AS users_department, users.tech_stack AS users_tech_stack, users.profile_photo_url AS users_profile_photo_url, users.active AS users_active, users.wallet_balance AS users_wallet_balance, users.last_login AS users_last_login 
FROM users 
WHERE users.email = %(email_1)s 
 LIMIT %(param_1)s) AS anon_1 LEFT OUTER JOIN (user_roles AS user_roles_1 JOIN roles AS roles_1 ON roles_1.id = user_roles_1.role_id) ON anon_1.users_id = user_roles_1.user_id
2025-05-15 02:09:31,421 - sqlalchemy.engine.Engine - INFO - [cached since 66.46s ago] {'email_1': 'shreyas', 'param_1': 1}
2025-05-15 02:09:31,542 - sqlalchemy.engine.Engine - INFO - SELECT anon_1.users_id AS anon_1_users_id, anon_1.users_email AS anon_1_users_email, anon_1.users_user_name AS anon_1_users_user_name, anon_1.users_password AS anon_1_users_password, anon_1.users_first_name AS anon_1_users_first_name, anon_1.users_last_name AS anon_1_users_last_name, anon_1.users_department AS anon_1_users_department, anon_1.users_tech_stack AS anon_1_users_tech_stack, anon_1.users_profile_photo_url AS anon_1_users_profile_photo_url, anon_1.users_active AS anon_1_users_active, anon_1.users_wallet_balance AS anon_1_users_wallet_balance, anon_1.users_last_login AS anon_1_users_last_login, roles_1.id AS roles_1_id, roles_1.role_name AS roles_1_role_name 
FROM (SELECT users.id AS users_id, users.email AS users_email, users.user_name AS users_user_name, users.password AS users_password, users.first_name AS users_first_name, users.last_name AS users_last_name, users.department AS users_department, users.tech_stack AS users_tech_stack, users.profile_photo_url AS users_profile_photo_url, users.active AS users_active, users.wallet_balance AS users_wallet_balance, users.last_login AS users_last_login 
FROM users 
WHERE users.user_name = %(user_name_1)s 
 LIMIT %(param_1)s) AS anon_1 LEFT OUTER JOIN (user_roles AS user_roles_1 JOIN roles AS roles_1 ON roles_1.id = user_roles_1.role_id) ON anon_1.users_id = user_roles_1.user_id
2025-05-15 02:09:31,543 - sqlalchemy.engine.Engine - INFO - [cached since 66.42s ago] {'user_name_1': 'shreyas', 'param_1': 1}
2025-05-15 02:09:31,605 - sqlalchemy.engine.Engine - INFO - SELECT roles.id AS roles_id, roles.role_name AS roles_role_name 
FROM roles 
WHERE roles.role_name = %(role_name_1)s 
 LIMIT %(param_1)s
2025-05-15 02:09:31,605 - sqlalchemy.engine.Engine - INFO - [cached since 66.41s ago] {'role_name_1': 'ROLE_ADMIN', 'param_1': 1}
2025-05-15 02:09:31,666 - sqlalchemy.engine.Engine - INFO - UPDATE users SET last_login=%(last_login)s WHERE users.id = %(users_id)s
2025-05-15 02:09:31,667 - sqlalchemy.engine.Engine - INFO - [cached since 66.35s ago] {'last_login': datetime.datetime(2025, 5, 14, 20, 39, 31, 604887), 'users_id': 15}
2025-05-15 02:09:31,727 - sqlalchemy.engine.Engine - INFO - COMMIT
2025-05-15 02:09:31,789 - sqlalchemy.engine.Engine - INFO - BEGIN (implicit)
2025-05-15 02:09:31,789 - sqlalchemy.engine.Engine - INFO - SELECT users.id AS users_id, users.email AS users_email, users.user_name AS users_user_name, users.password AS users_password, users.first_name AS users_first_name, users.last_name AS users_last_name, users.department AS users_department, users.tech_stack AS users_tech_stack, users.profile_photo_url AS users_profile_photo_url, users.active AS users_active, users.wallet_balance AS users_wallet_balance, users.last_login AS users_last_login, roles_1.id AS roles_1_id, roles_1.role_name AS roles_1_role_name 
FROM users LEFT OUTER JOIN (user_roles AS user_roles_1 JOIN roles AS roles_1 ON roles_1.id = user_roles_1.role_id) ON users.id = user_roles_1.user_id 
WHERE users.id = %(pk_1)s
2025-05-15 02:09:31,790 - sqlalchemy.engine.Engine - INFO - [cached since 66.11s ago] {'pk_1': 15}
2025-05-15 02:09:31,913 - sqlalchemy.engine.Engine - INFO - INSERT INTO habits (user_id, name, description, frequency) VALUES (%(user_id)s, %(name)s, %(description)s, %(frequency)s) RETURNING habits.id, habits.created_at
2025-05-15 02:09:31,913 - sqlalchemy.engine.Engine - INFO - [generated in 0.00050s] {'user_id': 15, 'name': 'Morning Exercise', 'description': '30 minutes of exercise every morning', 'frequency': 'daily'}
2025-05-15 02:09:31,975 - sqlalchemy.engine.Engine - INFO - COMMIT
2025-05-15 02:09:32,036 - sqlalchemy.engine.Engine - INFO - BEGIN (implicit)
2025-05-15 02:09:32,038 - sqlalchemy.engine.Engine - INFO - SELECT habits.id, habits.user_id, habits.name, habits.description, habits.frequency, habits.created_at 
FROM habits 
WHERE habits.id = %(pk_1)s
2025-05-15 02:09:32,039 - sqlalchemy.engine.Engine - INFO - [generated in 0.00058s] {'pk_1': 1}
2025-05-15 02:09:32,158 - sqlalchemy.engine.Engine - INFO - ROLLBACK
2025-05-15 02:09:53,132 - sqlalchemy.engine.Engine - INFO - BEGIN (implicit)
2025-05-15 02:09:53,133 - sqlalchemy.engine.Engine - INFO - SELECT anon_1.users_id AS anon_1_users_id, anon_1.users_email AS anon_1_users_email, anon_1.users_user_name AS anon_1_users_user_name, anon_1.users_password AS anon_1_users_password, anon_1.users_first_name AS anon_1_users_first_name, anon_1.users_last_name AS anon_1_users_last_name, anon_1.users_department AS anon_1_users_department, anon_1.users_tech_stack AS anon_1_users_tech_stack, anon_1.users_profile_photo_url AS anon_1_users_profile_photo_url, anon_1.users_active AS anon_1_users_active, anon_1.users_wallet_balance AS anon_1_users_wallet_balance, anon_1.users_last_login AS anon_1_users_last_login, roles_1.id AS roles_1_id, roles_1.role_name AS roles_1_role_name 
FROM (SELECT users.id AS users_id, users.email AS users_email, users.user_name AS users_user_name, users.password AS users_password, users.first_name AS users_first_name, users.last_name AS users_last_name, users.department AS users_department, users.tech_stack AS users_tech_stack, users.profile_photo_url AS users_profile_photo_url, users.active AS users_active, users.wallet_balance AS users_wallet_balance, users.last_login AS users_last_login 
FROM users 
WHERE users.email = %(email_1)s 
 LIMIT %(param_1)s) AS anon_1 LEFT OUTER JOIN (user_roles AS user_roles_1 JOIN roles AS roles_1 ON roles_1.id = user_roles_1.role_id) ON anon_1.users_id = user_roles_1.user_id
2025-05-15 02:09:53,134 - sqlalchemy.engine.Engine - INFO - [cached since 88.18s ago] {'email_1': 'shreyas', 'param_1': 1}
2025-05-15 02:09:53,259 - sqlalchemy.engine.Engine - INFO - SELECT anon_1.users_id AS anon_1_users_id, anon_1.users_email AS anon_1_users_email, anon_1.users_user_name AS anon_1_users_user_name, anon_1.users_password AS anon_1_users_password, anon_1.users_first_name AS anon_1_users_first_name, anon_1.users_last_name AS anon_1_users_last_name, anon_1.users_department AS anon_1_users_department, anon_1.users_tech_stack AS anon_1_users_tech_stack, anon_1.users_profile_photo_url AS anon_1_users_profile_photo_url, anon_1.users_active AS anon_1_users_active, anon_1.users_wallet_balance AS anon_1_users_wallet_balance, anon_1.users_last_login AS anon_1_users_last_login, roles_1.id AS roles_1_id, roles_1.role_name AS roles_1_role_name 
FROM (SELECT users.id AS users_id, users.email AS users_email, users.user_name AS users_user_name, users.password AS users_password, users.first_name AS users_first_name, users.last_name AS users_last_name, users.department AS users_department, users.tech_stack AS users_tech_stack, users.profile_photo_url AS users_profile_photo_url, users.active AS users_active, users.wallet_balance AS users_wallet_balance, users.last_login AS users_last_login 
FROM users 
WHERE users.user_name = %(user_name_1)s 
 LIMIT %(param_1)s) AS anon_1 LEFT OUTER JOIN (user_roles AS user_roles_1 JOIN roles AS roles_1 ON roles_1.id = user_roles_1.role_id) ON anon_1.users_id = user_roles_1.user_id
2025-05-15 02:09:53,260 - sqlalchemy.engine.Engine - INFO - [cached since 88.13s ago] {'user_name_1': 'shreyas', 'param_1': 1}
2025-05-15 02:09:53,323 - sqlalchemy.engine.Engine - INFO - SELECT roles.id AS roles_id, roles.role_name AS roles_role_name 
FROM roles 
WHERE roles.role_name = %(role_name_1)s 
 LIMIT %(param_1)s
2025-05-15 02:09:53,323 - sqlalchemy.engine.Engine - INFO - [cached since 88.13s ago] {'role_name_1': 'ROLE_ADMIN', 'param_1': 1}
2025-05-15 02:09:53,522 - sqlalchemy.engine.Engine - INFO - UPDATE users SET last_login=%(last_login)s WHERE users.id = %(users_id)s
2025-05-15 02:09:53,523 - sqlalchemy.engine.Engine - INFO - [cached since 88.2s ago] {'last_login': datetime.datetime(2025, 5, 14, 20, 39, 53, 322834), 'users_id': 15}
2025-05-15 02:09:53,631 - sqlalchemy.engine.Engine - INFO - COMMIT
2025-05-15 02:09:53,705 - sqlalchemy.engine.Engine - INFO - BEGIN (implicit)
2025-05-15 02:09:53,706 - sqlalchemy.engine.Engine - INFO - SELECT users.id AS users_id, users.email AS users_email, users.user_name AS users_user_name, users.password AS users_password, users.first_name AS users_first_name, users.last_name AS users_last_name, users.department AS users_department, users.tech_stack AS users_tech_stack, users.profile_photo_url AS users_profile_photo_url, users.active AS users_active, users.wallet_balance AS users_wallet_balance, users.last_login AS users_last_login, roles_1.id AS roles_1_id, roles_1.role_name AS roles_1_role_name 
FROM users LEFT OUTER JOIN (user_roles AS user_roles_1 JOIN roles AS roles_1 ON roles_1.id = user_roles_1.role_id) ON users.id = user_roles_1.user_id 
WHERE users.id = %(pk_1)s
2025-05-15 02:09:53,707 - sqlalchemy.engine.Engine - INFO - [cached since 88.03s ago] {'pk_1': 15}
2025-05-15 02:09:53,832 - sqlalchemy.engine.Engine - INFO - SELECT habits.id AS habits_id, habits.user_id AS habits_user_id, habits.name AS habits_name, habits.description AS habits_description, habits.frequency AS habits_frequency, habits.created_at AS habits_created_at 
FROM habits 
WHERE habits.user_id = %(user_id_1)s 
 LIMIT %(param_1)s OFFSET %(param_2)s
2025-05-15 02:09:53,833 - sqlalchemy.engine.Engine - INFO - [generated in 0.00051s] {'user_id_1': 15, 'param_1': 100, 'param_2': 0}
2025-05-15 02:09:53,893 - sqlalchemy.engine.Engine - INFO - ROLLBACK
2025-05-15 02:10:11,259 - sqlalchemy.engine.Engine - INFO - BEGIN (implicit)
2025-05-15 02:10:11,260 - sqlalchemy.engine.Engine - INFO - SELECT anon_1.users_id AS anon_1_users_id, anon_1.users_email AS anon_1_users_email, anon_1.users_user_name AS anon_1_users_user_name, anon_1.users_password AS anon_1_users_password, anon_1.users_first_name AS anon_1_users_first_name, anon_1.users_last_name AS anon_1_users_last_name, anon_1.users_department AS anon_1_users_department, anon_1.users_tech_stack AS anon_1_users_tech_stack, anon_1.users_profile_photo_url AS anon_1_users_profile_photo_url, anon_1.users_active AS anon_1_users_active, anon_1.users_wallet_balance AS anon_1_users_wallet_balance, anon_1.users_last_login AS anon_1_users_last_login, roles_1.id AS roles_1_id, roles_1.role_name AS roles_1_role_name 
FROM (SELECT users.id AS users_id, users.email AS users_email, users.user_name AS users_user_name, users.password AS users_password, users.first_name AS users_first_name, users.last_name AS users_last_name, users.department AS users_department, users.tech_stack AS users_tech_stack, users.profile_photo_url AS users_profile_photo_url, users.active AS users_active, users.wallet_balance AS users_wallet_balance, users.last_login AS users_last_login 
FROM users 
WHERE users.email = %(email_1)s 
 LIMIT %(param_1)s) AS anon_1 LEFT OUTER JOIN (user_roles AS user_roles_1 JOIN roles AS roles_1 ON roles_1.id = user_roles_1.role_id) ON anon_1.users_id = user_roles_1.user_id
2025-05-15 02:10:11,260 - sqlalchemy.engine.Engine - INFO - [cached since 106.3s ago] {'email_1': 'shreyas', 'param_1': 1}
2025-05-15 02:10:11,379 - sqlalchemy.engine.Engine - INFO - SELECT anon_1.users_id AS anon_1_users_id, anon_1.users_email AS anon_1_users_email, anon_1.users_user_name AS anon_1_users_user_name, anon_1.users_password AS anon_1_users_password, anon_1.users_first_name AS anon_1_users_first_name, anon_1.users_last_name AS anon_1_users_last_name, anon_1.users_department AS anon_1_users_department, anon_1.users_tech_stack AS anon_1_users_tech_stack, anon_1.users_profile_photo_url AS anon_1_users_profile_photo_url, anon_1.users_active AS anon_1_users_active, anon_1.users_wallet_balance AS anon_1_users_wallet_balance, anon_1.users_last_login AS anon_1_users_last_login, roles_1.id AS roles_1_id, roles_1.role_name AS roles_1_role_name 
FROM (SELECT users.id AS users_id, users.email AS users_email, users.user_name AS users_user_name, users.password AS users_password, users.first_name AS users_first_name, users.last_name AS users_last_name, users.department AS users_department, users.tech_stack AS users_tech_stack, users.profile_photo_url AS users_profile_photo_url, users.active AS users_active, users.wallet_balance AS users_wallet_balance, users.last_login AS users_last_login 
FROM users 
WHERE users.user_name = %(user_name_1)s 
 LIMIT %(param_1)s) AS anon_1 LEFT OUTER JOIN (user_roles AS user_roles_1 JOIN roles AS roles_1 ON roles_1.id = user_roles_1.role_id) ON anon_1.users_id = user_roles_1.user_id
2025-05-15 02:10:11,379 - sqlalchemy.engine.Engine - INFO - [cached since 106.3s ago] {'user_name_1': 'shreyas', 'param_1': 1}
2025-05-15 02:10:11,443 - sqlalchemy.engine.Engine - INFO - SELECT roles.id AS roles_id, roles.role_name AS roles_role_name 
FROM roles 
WHERE roles.role_name = %(role_name_1)s 
 LIMIT %(param_1)s
2025-05-15 02:10:11,443 - sqlalchemy.engine.Engine - INFO - [cached since 106.3s ago] {'role_name_1': 'ROLE_ADMIN', 'param_1': 1}
2025-05-15 02:10:11,505 - sqlalchemy.engine.Engine - INFO - UPDATE users SET last_login=%(last_login)s WHERE users.id = %(users_id)s
2025-05-15 02:10:11,505 - sqlalchemy.engine.Engine - INFO - [cached since 106.2s ago] {'last_login': datetime.datetime(2025, 5, 14, 20, 40, 11, 442863), 'users_id': 15}
2025-05-15 02:10:11,567 - sqlalchemy.engine.Engine - INFO - COMMIT
2025-05-15 02:10:11,629 - sqlalchemy.engine.Engine - INFO - BEGIN (implicit)
2025-05-15 02:10:11,630 - sqlalchemy.engine.Engine - INFO - SELECT users.id AS users_id, users.email AS users_email, users.user_name AS users_user_name, users.password AS users_password, users.first_name AS users_first_name, users.last_name AS users_last_name, users.department AS users_department, users.tech_stack AS users_tech_stack, users.profile_photo_url AS users_profile_photo_url, users.active AS users_active, users.wallet_balance AS users_wallet_balance, users.last_login AS users_last_login, roles_1.id AS roles_1_id, roles_1.role_name AS roles_1_role_name 
FROM users LEFT OUTER JOIN (user_roles AS user_roles_1 JOIN roles AS roles_1 ON roles_1.id = user_roles_1.role_id) ON users.id = user_roles_1.user_id 
WHERE users.id = %(pk_1)s
2025-05-15 02:10:11,631 - sqlalchemy.engine.Engine - INFO - [cached since 106s ago] {'pk_1': 15}
2025-05-15 02:10:11,768 - sqlalchemy.engine.Engine - INFO - SELECT habits.id AS habits_id, habits.user_id AS habits_user_id, habits.name AS habits_name, habits.description AS habits_description, habits.frequency AS habits_frequency, habits.created_at AS habits_created_at 
FROM habits 
WHERE habits.id = %(id_1)s AND habits.user_id = %(user_id_1)s 
 LIMIT %(param_1)s
2025-05-15 02:10:11,769 - sqlalchemy.engine.Engine - INFO - [generated in 0.00074s] {'id_1': 1, 'user_id_1': 15, 'param_1': 1}
2025-05-15 02:10:11,831 - sqlalchemy.engine.Engine - INFO - INSERT INTO habit_logs (habit_id, notes) VALUES (%(habit_id)s, %(notes)s) RETURNING habit_logs.id, habit_logs.completed_at
2025-05-15 02:10:11,831 - sqlalchemy.engine.Engine - INFO - [generated in 0.00045s] {'habit_id': 1, 'notes': 'Completed morning exercise'}
2025-05-15 02:10:11,894 - sqlalchemy.engine.Engine - INFO - COMMIT
2025-05-15 02:10:11,955 - sqlalchemy.engine.Engine - INFO - BEGIN (implicit)
2025-05-15 02:10:11,957 - sqlalchemy.engine.Engine - INFO - SELECT habit_logs.id, habit_logs.habit_id, habit_logs.completed_at, habit_logs.notes 
FROM habit_logs 
WHERE habit_logs.id = %(pk_1)s
2025-05-15 02:10:11,957 - sqlalchemy.engine.Engine - INFO - [generated in 0.00079s] {'pk_1': 1}
2025-05-15 02:10:12,080 - sqlalchemy.engine.Engine - INFO - ROLLBACK
2025-05-15 02:10:19,014 - sqlalchemy.engine.Engine - INFO - BEGIN (implicit)
2025-05-15 02:10:19,014 - sqlalchemy.engine.Engine - INFO - SELECT anon_1.users_id AS anon_1_users_id, anon_1.users_email AS anon_1_users_email, anon_1.users_user_name AS anon_1_users_user_name, anon_1.users_password AS anon_1_users_password, anon_1.users_first_name AS anon_1_users_first_name, anon_1.users_last_name AS anon_1_users_last_name, anon_1.users_department AS anon_1_users_department, anon_1.users_tech_stack AS anon_1_users_tech_stack, anon_1.users_profile_photo_url AS anon_1_users_profile_photo_url, anon_1.users_active AS anon_1_users_active, anon_1.users_wallet_balance AS anon_1_users_wallet_balance, anon_1.users_last_login AS anon_1_users_last_login, roles_1.id AS roles_1_id, roles_1.role_name AS roles_1_role_name 
FROM (SELECT users.id AS users_id, users.email AS users_email, users.user_name AS users_user_name, users.password AS users_password, users.first_name AS users_first_name, users.last_name AS users_last_name, users.department AS users_department, users.tech_stack AS users_tech_stack, users.profile_photo_url AS users_profile_photo_url, users.active AS users_active, users.wallet_balance AS users_wallet_balance, users.last_login AS users_last_login 
FROM users 
WHERE users.email = %(email_1)s 
 LIMIT %(param_1)s) AS anon_1 LEFT OUTER JOIN (user_roles AS user_roles_1 JOIN roles AS roles_1 ON roles_1.id = user_roles_1.role_id) ON anon_1.users_id = user_roles_1.user_id
2025-05-15 02:10:19,015 - sqlalchemy.engine.Engine - INFO - [cached since 114.1s ago] {'email_1': 'shreyas', 'param_1': 1}
2025-05-15 02:10:19,139 - sqlalchemy.engine.Engine - INFO - SELECT anon_1.users_id AS anon_1_users_id, anon_1.users_email AS anon_1_users_email, anon_1.users_user_name AS anon_1_users_user_name, anon_1.users_password AS anon_1_users_password, anon_1.users_first_name AS anon_1_users_first_name, anon_1.users_last_name AS anon_1_users_last_name, anon_1.users_department AS anon_1_users_department, anon_1.users_tech_stack AS anon_1_users_tech_stack, anon_1.users_profile_photo_url AS anon_1_users_profile_photo_url, anon_1.users_active AS anon_1_users_active, anon_1.users_wallet_balance AS anon_1_users_wallet_balance, anon_1.users_last_login AS anon_1_users_last_login, roles_1.id AS roles_1_id, roles_1.role_name AS roles_1_role_name 
FROM (SELECT users.id AS users_id, users.email AS users_email, users.user_name AS users_user_name, users.password AS users_password, users.first_name AS users_first_name, users.last_name AS users_last_name, users.department AS users_department, users.tech_stack AS users_tech_stack, users.profile_photo_url AS users_profile_photo_url, users.active AS users_active, users.wallet_balance AS users_wallet_balance, users.last_login AS users_last_login 
FROM users 
WHERE users.user_name = %(user_name_1)s 
 LIMIT %(param_1)s) AS anon_1 LEFT OUTER JOIN (user_roles AS user_roles_1 JOIN roles AS roles_1 ON roles_1.id = user_roles_1.role_id) ON anon_1.users_id = user_roles_1.user_id
2025-05-15 02:10:19,140 - sqlalchemy.engine.Engine - INFO - [cached since 114s ago] {'user_name_1': 'shreyas', 'param_1': 1}
2025-05-15 02:10:19,204 - sqlalchemy.engine.Engine - INFO - SELECT roles.id AS roles_id, roles.role_name AS roles_role_name 
FROM roles 
WHERE roles.role_name = %(role_name_1)s 
 LIMIT %(param_1)s
2025-05-15 02:10:19,204 - sqlalchemy.engine.Engine - INFO - [cached since 114s ago] {'role_name_1': 'ROLE_ADMIN', 'param_1': 1}
2025-05-15 02:10:19,267 - sqlalchemy.engine.Engine - INFO - UPDATE users SET last_login=%(last_login)s WHERE users.id = %(users_id)s
2025-05-15 02:10:19,267 - sqlalchemy.engine.Engine - INFO - [cached since 113.9s ago] {'last_login': datetime.datetime(2025, 5, 14, 20, 40, 19, 203224), 'users_id': 15}
2025-05-15 02:10:19,331 - sqlalchemy.engine.Engine - INFO - COMMIT
2025-05-15 02:10:19,422 - sqlalchemy.engine.Engine - INFO - BEGIN (implicit)
2025-05-15 02:10:19,422 - sqlalchemy.engine.Engine - INFO - SELECT users.id AS users_id, users.email AS users_email, users.user_name AS users_user_name, users.password AS users_password, users.first_name AS users_first_name, users.last_name AS users_last_name, users.department AS users_department, users.tech_stack AS users_tech_stack, users.profile_photo_url AS users_profile_photo_url, users.active AS users_active, users.wallet_balance AS users_wallet_balance, users.last_login AS users_last_login, roles_1.id AS roles_1_id, roles_1.role_name AS roles_1_role_name 
FROM users LEFT OUTER JOIN (user_roles AS user_roles_1 JOIN roles AS roles_1 ON roles_1.id = user_roles_1.role_id) ON users.id = user_roles_1.user_id 
WHERE users.id = %(pk_1)s
2025-05-15 02:10:19,423 - sqlalchemy.engine.Engine - INFO - [cached since 113.7s ago] {'pk_1': 15}
2025-05-15 02:10:19,543 - sqlalchemy.engine.Engine - INFO - SELECT habits.id AS habits_id, habits.user_id AS habits_user_id, habits.name AS habits_name, habits.description AS habits_description, habits.frequency AS habits_frequency, habits.created_at AS habits_created_at 
FROM habits 
WHERE habits.id = %(id_1)s AND habits.user_id = %(user_id_1)s 
 LIMIT %(param_1)s
2025-05-15 02:10:19,543 - sqlalchemy.engine.Engine - INFO - [cached since 7.775s ago] {'id_1': 1, 'user_id_1': 15, 'param_1': 1}
2025-05-15 02:10:19,607 - sqlalchemy.engine.Engine - INFO - SELECT habit_logs.id AS habit_logs_id, habit_logs.habit_id AS habit_logs_habit_id, habit_logs.completed_at AS habit_logs_completed_at, habit_logs.notes AS habit_logs_notes 
FROM habit_logs 
WHERE habit_logs.habit_id = %(habit_id_1)s AND habit_logs.completed_at >= %(completed_at_1)s ORDER BY habit_logs.completed_at DESC
2025-05-15 02:10:19,608 - sqlalchemy.engine.Engine - INFO - [generated in 0.00064s] {'habit_id_1': 1, 'completed_at_1': datetime.datetime(2025, 4, 14, 20, 40, 19, 606150)}
2025-05-15 02:10:19,681 - sqlalchemy.engine.Engine - INFO - ROLLBACK
2025-05-15 02:10:26,529 - sqlalchemy.engine.Engine - INFO - BEGIN (implicit)
2025-05-15 02:10:26,529 - sqlalchemy.engine.Engine - INFO - SELECT anon_1.users_id AS anon_1_users_id, anon_1.users_email AS anon_1_users_email, anon_1.users_user_name AS anon_1_users_user_name, anon_1.users_password AS anon_1_users_password, anon_1.users_first_name AS anon_1_users_first_name, anon_1.users_last_name AS anon_1_users_last_name, anon_1.users_department AS anon_1_users_department, anon_1.users_tech_stack AS anon_1_users_tech_stack, anon_1.users_profile_photo_url AS anon_1_users_profile_photo_url, anon_1.users_active AS anon_1_users_active, anon_1.users_wallet_balance AS anon_1_users_wallet_balance, anon_1.users_last_login AS anon_1_users_last_login, roles_1.id AS roles_1_id, roles_1.role_name AS roles_1_role_name 
FROM (SELECT users.id AS users_id, users.email AS users_email, users.user_name AS users_user_name, users.password AS users_password, users.first_name AS users_first_name, users.last_name AS users_last_name, users.department AS users_department, users.tech_stack AS users_tech_stack, users.profile_photo_url AS users_profile_photo_url, users.active AS users_active, users.wallet_balance AS users_wallet_balance, users.last_login AS users_last_login 
FROM users 
WHERE users.email = %(email_1)s 
 LIMIT %(param_1)s) AS anon_1 LEFT OUTER JOIN (user_roles AS user_roles_1 JOIN roles AS roles_1 ON roles_1.id = user_roles_1.role_id) ON anon_1.users_id = user_roles_1.user_id
2025-05-15 02:10:26,530 - sqlalchemy.engine.Engine - INFO - [cached since 121.6s ago] {'email_1': 'shreyas', 'param_1': 1}
2025-05-15 02:10:26,661 - sqlalchemy.engine.Engine - INFO - SELECT anon_1.users_id AS anon_1_users_id, anon_1.users_email AS anon_1_users_email, anon_1.users_user_name AS anon_1_users_user_name, anon_1.users_password AS anon_1_users_password, anon_1.users_first_name AS anon_1_users_first_name, anon_1.users_last_name AS anon_1_users_last_name, anon_1.users_department AS anon_1_users_department, anon_1.users_tech_stack AS anon_1_users_tech_stack, anon_1.users_profile_photo_url AS anon_1_users_profile_photo_url, anon_1.users_active AS anon_1_users_active, anon_1.users_wallet_balance AS anon_1_users_wallet_balance, anon_1.users_last_login AS anon_1_users_last_login, roles_1.id AS roles_1_id, roles_1.role_name AS roles_1_role_name 
FROM (SELECT users.id AS users_id, users.email AS users_email, users.user_name AS users_user_name, users.password AS users_password, users.first_name AS users_first_name, users.last_name AS users_last_name, users.department AS users_department, users.tech_stack AS users_tech_stack, users.profile_photo_url AS users_profile_photo_url, users.active AS users_active, users.wallet_balance AS users_wallet_balance, users.last_login AS users_last_login 
FROM users 
WHERE users.user_name = %(user_name_1)s 
 LIMIT %(param_1)s) AS anon_1 LEFT OUTER JOIN (user_roles AS user_roles_1 JOIN roles AS roles_1 ON roles_1.id = user_roles_1.role_id) ON anon_1.users_id = user_roles_1.user_id
2025-05-15 02:10:26,662 - sqlalchemy.engine.Engine - INFO - [cached since 121.5s ago] {'user_name_1': 'shreyas', 'param_1': 1}
2025-05-15 02:10:26,722 - sqlalchemy.engine.Engine - INFO - SELECT roles.id AS roles_id, roles.role_name AS roles_role_name 
FROM roles 
WHERE roles.role_name = %(role_name_1)s 
 LIMIT %(param_1)s
2025-05-15 02:10:26,722 - sqlalchemy.engine.Engine - INFO - [cached since 121.5s ago] {'role_name_1': 'ROLE_ADMIN', 'param_1': 1}
2025-05-15 02:10:26,782 - sqlalchemy.engine.Engine - INFO - UPDATE users SET last_login=%(last_login)s WHERE users.id = %(users_id)s
2025-05-15 02:10:26,783 - sqlalchemy.engine.Engine - INFO - [cached since 121.5s ago] {'last_login': datetime.datetime(2025, 5, 14, 20, 40, 26, 721825), 'users_id': 15}
2025-05-15 02:10:26,842 - sqlalchemy.engine.Engine - INFO - COMMIT
2025-05-15 02:10:26,908 - app.core.exceptions - ERROR - Validation error: [{'type': 'int_parsing', 'loc': ('path', 'habit_id'), 'msg': 'Input should be a valid integer, unable to parse string as an integer', 'input': 'stats'}]
2025-05-15 02:12:41,533 - root - INFO - Shutting down Journal API
2025-05-15 02:12:44,566 - sqlalchemy.engine.Engine - INFO - select pg_catalog.version()
2025-05-15 02:12:44,566 - sqlalchemy.engine.Engine - INFO - [raw sql] {}
2025-05-15 02:12:44,703 - sqlalchemy.engine.Engine - INFO - select current_schema()
2025-05-15 02:12:44,704 - sqlalchemy.engine.Engine - INFO - [raw sql] {}
2025-05-15 02:12:44,836 - sqlalchemy.engine.Engine - INFO - show standard_conforming_strings
2025-05-15 02:12:44,837 - sqlalchemy.engine.Engine - INFO - [raw sql] {}
2025-05-15 02:12:44,975 - sqlalchemy.engine.Engine - INFO - BEGIN (implicit)
2025-05-15 02:12:44,979 - sqlalchemy.engine.Engine - INFO - SELECT pg_catalog.pg_class.relname 
FROM pg_catalog.pg_class JOIN pg_catalog.pg_namespace ON pg_catalog.pg_namespace.oid = pg_catalog.pg_class.relnamespace 
WHERE pg_catalog.pg_class.relname = %(table_name)s AND pg_catalog.pg_class.relkind = ANY (ARRAY[%(param_1)s, %(param_2)s, %(param_3)s, %(param_4)s, %(param_5)s]) AND pg_catalog.pg_table_is_visible(pg_catalog.pg_class.oid) AND pg_catalog.pg_namespace.nspname != %(nspname_1)s
2025-05-15 02:12:44,979 - sqlalchemy.engine.Engine - INFO - [generated in 0.00049s] {'table_name': 'user_roles', 'param_1': 'r', 'param_2': 'p', 'param_3': 'f', 'param_4': 'v', 'param_5': 'm', 'nspname_1': 'pg_catalog'}
2025-05-15 02:12:45,123 - sqlalchemy.engine.Engine - INFO - SELECT pg_catalog.pg_class.relname 
FROM pg_catalog.pg_class JOIN pg_catalog.pg_namespace ON pg_catalog.pg_namespace.oid = pg_catalog.pg_class.relnamespace 
WHERE pg_catalog.pg_class.relname = %(table_name)s AND pg_catalog.pg_class.relkind = ANY (ARRAY[%(param_1)s, %(param_2)s, %(param_3)s, %(param_4)s, %(param_5)s]) AND pg_catalog.pg_table_is_visible(pg_catalog.pg_class.oid) AND pg_catalog.pg_namespace.nspname != %(nspname_1)s
2025-05-15 02:12:45,124 - sqlalchemy.engine.Engine - INFO - [cached since 0.1452s ago] {'table_name': 'roles', 'param_1': 'r', 'param_2': 'p', 'param_3': 'f', 'param_4': 'v', 'param_5': 'm', 'nspname_1': 'pg_catalog'}
2025-05-15 02:12:45,188 - sqlalchemy.engine.Engine - INFO - SELECT pg_catalog.pg_class.relname 
FROM pg_catalog.pg_class JOIN pg_catalog.pg_namespace ON pg_catalog.pg_namespace.oid = pg_catalog.pg_class.relnamespace 
WHERE pg_catalog.pg_class.relname = %(table_name)s AND pg_catalog.pg_class.relkind = ANY (ARRAY[%(param_1)s, %(param_2)s, %(param_3)s, %(param_4)s, %(param_5)s]) AND pg_catalog.pg_table_is_visible(pg_catalog.pg_class.oid) AND pg_catalog.pg_namespace.nspname != %(nspname_1)s
2025-05-15 02:12:45,188 - sqlalchemy.engine.Engine - INFO - [cached since 0.2097s ago] {'table_name': 'users', 'param_1': 'r', 'param_2': 'p', 'param_3': 'f', 'param_4': 'v', 'param_5': 'm', 'nspname_1': 'pg_catalog'}
2025-05-15 02:12:45,257 - sqlalchemy.engine.Engine - INFO - SELECT pg_catalog.pg_class.relname 
FROM pg_catalog.pg_class JOIN pg_catalog.pg_namespace ON pg_catalog.pg_namespace.oid = pg_catalog.pg_class.relnamespace 
WHERE pg_catalog.pg_class.relname = %(table_name)s AND pg_catalog.pg_class.relkind = ANY (ARRAY[%(param_1)s, %(param_2)s, %(param_3)s, %(param_4)s, %(param_5)s]) AND pg_catalog.pg_table_is_visible(pg_catalog.pg_class.oid) AND pg_catalog.pg_namespace.nspname != %(nspname_1)s
2025-05-15 02:12:45,258 - sqlalchemy.engine.Engine - INFO - [cached since 0.2792s ago] {'table_name': 'journal_entries', 'param_1': 'r', 'param_2': 'p', 'param_3': 'f', 'param_4': 'v', 'param_5': 'm', 'nspname_1': 'pg_catalog'}
2025-05-15 02:12:45,324 - sqlalchemy.engine.Engine - INFO - SELECT pg_catalog.pg_class.relname 
FROM pg_catalog.pg_class JOIN pg_catalog.pg_namespace ON pg_catalog.pg_namespace.oid = pg_catalog.pg_class.relnamespace 
WHERE pg_catalog.pg_class.relname = %(table_name)s AND pg_catalog.pg_class.relkind = ANY (ARRAY[%(param_1)s, %(param_2)s, %(param_3)s, %(param_4)s, %(param_5)s]) AND pg_catalog.pg_table_is_visible(pg_catalog.pg_class.oid) AND pg_catalog.pg_namespace.nspname != %(nspname_1)s
2025-05-15 02:12:45,325 - sqlalchemy.engine.Engine - INFO - [cached since 0.3462s ago] {'table_name': 'habits', 'param_1': 'r', 'param_2': 'p', 'param_3': 'f', 'param_4': 'v', 'param_5': 'm', 'nspname_1': 'pg_catalog'}
2025-05-15 02:12:45,390 - sqlalchemy.engine.Engine - INFO - SELECT pg_catalog.pg_class.relname 
FROM pg_catalog.pg_class JOIN pg_catalog.pg_namespace ON pg_catalog.pg_namespace.oid = pg_catalog.pg_class.relnamespace 
WHERE pg_catalog.pg_class.relname = %(table_name)s AND pg_catalog.pg_class.relkind = ANY (ARRAY[%(param_1)s, %(param_2)s, %(param_3)s, %(param_4)s, %(param_5)s]) AND pg_catalog.pg_table_is_visible(pg_catalog.pg_class.oid) AND pg_catalog.pg_namespace.nspname != %(nspname_1)s
2025-05-15 02:12:45,391 - sqlalchemy.engine.Engine - INFO - [cached since 0.412s ago] {'table_name': 'habit_logs', 'param_1': 'r', 'param_2': 'p', 'param_3': 'f', 'param_4': 'v', 'param_5': 'm', 'nspname_1': 'pg_catalog'}
2025-05-15 02:12:45,456 - sqlalchemy.engine.Engine - INFO - SELECT pg_catalog.pg_class.relname 
FROM pg_catalog.pg_class JOIN pg_catalog.pg_namespace ON pg_catalog.pg_namespace.oid = pg_catalog.pg_class.relnamespace 
WHERE pg_catalog.pg_class.relname = %(table_name)s AND pg_catalog.pg_class.relkind = ANY (ARRAY[%(param_1)s, %(param_2)s, %(param_3)s, %(param_4)s, %(param_5)s]) AND pg_catalog.pg_table_is_visible(pg_catalog.pg_class.oid) AND pg_catalog.pg_namespace.nspname != %(nspname_1)s
2025-05-15 02:12:45,456 - sqlalchemy.engine.Engine - INFO - [cached since 0.4777s ago] {'table_name': 'goals', 'param_1': 'r', 'param_2': 'p', 'param_3': 'f', 'param_4': 'v', 'param_5': 'm', 'nspname_1': 'pg_catalog'}
2025-05-15 02:12:45,522 - sqlalchemy.engine.Engine - INFO - COMMIT
2025-05-15 02:12:45,590 - root - INFO - Database tables created successfully
2025-05-15 02:12:45,633 - root - INFO - Starting up Journal API
2025-05-15 02:12:45,633 - root - ERROR - Database connection test failed: Not an executable object: 'SELECT 1'
2025-05-15 02:12:45,637 - root - DEBUG - Stack trace: Traceback (most recent call last):
  File "C:\Users\kanaka\AppData\Local\Programs\Python\Python313\Lib\site-packages\sqlalchemy\engine\base.py", line 1411, in execute
    meth = statement._execute_on_connection
           ^^^^^^^^^^^^^^^^^^^^^^^^^^^^^^^^
AttributeError: 'str' object has no attribute '_execute_on_connection'

The above exception was the direct cause of the following exception:

Traceback (most recent call last):
  File "C:\Users\kanaka\Documents\kannect\kannect-journal-service\app\main.py", line 58, in startup_event
    conn.execute("SELECT 1")
    ~~~~~~~~~~~~^^^^^^^^^^^^
  File "C:\Users\kanaka\AppData\Local\Programs\Python\Python313\Lib\site-packages\sqlalchemy\engine\base.py", line 1413, in execute
    raise exc.ObjectNotExecutableError(statement) from err
sqlalchemy.exc.ObjectNotExecutableError: Not an executable object: 'SELECT 1'

2025-05-15 02:15:40,213 - sqlalchemy.engine.Engine - INFO - BEGIN (implicit)
2025-05-15 02:15:40,219 - sqlalchemy.engine.Engine - INFO - SELECT anon_1.users_id AS anon_1_users_id, anon_1.users_email AS anon_1_users_email, anon_1.users_user_name AS anon_1_users_user_name, anon_1.users_password AS anon_1_users_password, anon_1.users_first_name AS anon_1_users_first_name, anon_1.users_last_name AS anon_1_users_last_name, anon_1.users_department AS anon_1_users_department, anon_1.users_tech_stack AS anon_1_users_tech_stack, anon_1.users_profile_photo_url AS anon_1_users_profile_photo_url, anon_1.users_active AS anon_1_users_active, anon_1.users_wallet_balance AS anon_1_users_wallet_balance, anon_1.users_last_login AS anon_1_users_last_login, roles_1.id AS roles_1_id, roles_1.role_name AS roles_1_role_name 
FROM (SELECT users.id AS users_id, users.email AS users_email, users.user_name AS users_user_name, users.password AS users_password, users.first_name AS users_first_name, users.last_name AS users_last_name, users.department AS users_department, users.tech_stack AS users_tech_stack, users.profile_photo_url AS users_profile_photo_url, users.active AS users_active, users.wallet_balance AS users_wallet_balance, users.last_login AS users_last_login 
FROM users 
WHERE users.email = %(email_1)s 
 LIMIT %(param_1)s) AS anon_1 LEFT OUTER JOIN (user_roles AS user_roles_1 JOIN roles AS roles_1 ON roles_1.id = user_roles_1.role_id) ON anon_1.users_id = user_roles_1.user_id
2025-05-15 02:15:40,219 - sqlalchemy.engine.Engine - INFO - [generated in 0.00044s] {'email_1': 'shreyas', 'param_1': 1}
2025-05-15 02:15:40,354 - sqlalchemy.engine.Engine - INFO - SELECT anon_1.users_id AS anon_1_users_id, anon_1.users_email AS anon_1_users_email, anon_1.users_user_name AS anon_1_users_user_name, anon_1.users_password AS anon_1_users_password, anon_1.users_first_name AS anon_1_users_first_name, anon_1.users_last_name AS anon_1_users_last_name, anon_1.users_department AS anon_1_users_department, anon_1.users_tech_stack AS anon_1_users_tech_stack, anon_1.users_profile_photo_url AS anon_1_users_profile_photo_url, anon_1.users_active AS anon_1_users_active, anon_1.users_wallet_balance AS anon_1_users_wallet_balance, anon_1.users_last_login AS anon_1_users_last_login, roles_1.id AS roles_1_id, roles_1.role_name AS roles_1_role_name 
FROM (SELECT users.id AS users_id, users.email AS users_email, users.user_name AS users_user_name, users.password AS users_password, users.first_name AS users_first_name, users.last_name AS users_last_name, users.department AS users_department, users.tech_stack AS users_tech_stack, users.profile_photo_url AS users_profile_photo_url, users.active AS users_active, users.wallet_balance AS users_wallet_balance, users.last_login AS users_last_login 
FROM users 
WHERE users.user_name = %(user_name_1)s 
 LIMIT %(param_1)s) AS anon_1 LEFT OUTER JOIN (user_roles AS user_roles_1 JOIN roles AS roles_1 ON roles_1.id = user_roles_1.role_id) ON anon_1.users_id = user_roles_1.user_id
2025-05-15 02:15:40,354 - sqlalchemy.engine.Engine - INFO - [generated in 0.00054s] {'user_name_1': 'shreyas', 'param_1': 1}
2025-05-15 02:15:40,422 - sqlalchemy.engine.Engine - INFO - SELECT roles.id AS roles_id, roles.role_name AS roles_role_name 
FROM roles 
WHERE roles.role_name = %(role_name_1)s 
 LIMIT %(param_1)s
2025-05-15 02:15:40,423 - sqlalchemy.engine.Engine - INFO - [generated in 0.00072s] {'role_name_1': 'ROLE_ADMIN', 'param_1': 1}
2025-05-15 02:15:40,491 - sqlalchemy.engine.Engine - INFO - UPDATE users SET last_login=%(last_login)s WHERE users.id = %(users_id)s
2025-05-15 02:15:40,491 - sqlalchemy.engine.Engine - INFO - [generated in 0.00075s] {'last_login': datetime.datetime(2025, 5, 14, 20, 45, 40, 421576), 'users_id': 15}
2025-05-15 02:15:40,561 - sqlalchemy.engine.Engine - INFO - COMMIT
2025-05-15 02:15:40,630 - sqlalchemy.engine.Engine - INFO - BEGIN (implicit)
2025-05-15 02:15:40,634 - sqlalchemy.engine.Engine - INFO - SELECT users.id AS users_id, users.email AS users_email, users.user_name AS users_user_name, users.password AS users_password, users.first_name AS users_first_name, users.last_name AS users_last_name, users.department AS users_department, users.tech_stack AS users_tech_stack, users.profile_photo_url AS users_profile_photo_url, users.active AS users_active, users.wallet_balance AS users_wallet_balance, users.last_login AS users_last_login, roles_1.id AS roles_1_id, roles_1.role_name AS roles_1_role_name 
FROM users LEFT OUTER JOIN (user_roles AS user_roles_1 JOIN roles AS roles_1 ON roles_1.id = user_roles_1.role_id) ON users.id = user_roles_1.user_id 
WHERE users.id = %(pk_1)s
2025-05-15 02:15:40,635 - sqlalchemy.engine.Engine - INFO - [generated in 0.00054s] {'pk_1': 15}
2025-05-15 02:15:40,769 - sqlalchemy.engine.Engine - INFO - SELECT habits.id AS habits_id, habits.user_id AS habits_user_id, habits.name AS habits_name, habits.description AS habits_description, habits.frequency AS habits_frequency, habits.created_at AS habits_created_at 
FROM habits 
WHERE habits.user_id = %(user_id_1)s 
 LIMIT %(param_1)s OFFSET %(param_2)s
2025-05-15 02:15:40,770 - sqlalchemy.engine.Engine - INFO - [generated in 0.00070s] {'user_id_1': 15, 'param_1': 100, 'param_2': 0}
2025-05-15 02:15:40,844 - sqlalchemy.engine.Engine - INFO - SELECT habit_logs.id AS habit_logs_id, habit_logs.habit_id AS habit_logs_habit_id, habit_logs.completed_at AS habit_logs_completed_at, habit_logs.notes AS habit_logs_notes 
FROM habit_logs 
WHERE habit_logs.habit_id = %(habit_id_1)s AND habit_logs.completed_at >= %(completed_at_1)s ORDER BY habit_logs.completed_at DESC
2025-05-15 02:15:40,844 - sqlalchemy.engine.Engine - INFO - [generated in 0.00045s] {'habit_id_1': 1, 'completed_at_1': datetime.datetime(2025, 4, 14, 20, 45, 40, 629581)}
2025-05-15 02:15:40,911 - sqlalchemy.engine.Engine - INFO - ROLLBACK
2025-05-15 02:15:58,140 - sqlalchemy.engine.Engine - INFO - BEGIN (implicit)
2025-05-15 02:15:58,140 - sqlalchemy.engine.Engine - INFO - SELECT anon_1.users_id AS anon_1_users_id, anon_1.users_email AS anon_1_users_email, anon_1.users_user_name AS anon_1_users_user_name, anon_1.users_password AS anon_1_users_password, anon_1.users_first_name AS anon_1_users_first_name, anon_1.users_last_name AS anon_1_users_last_name, anon_1.users_department AS anon_1_users_department, anon_1.users_tech_stack AS anon_1_users_tech_stack, anon_1.users_profile_photo_url AS anon_1_users_profile_photo_url, anon_1.users_active AS anon_1_users_active, anon_1.users_wallet_balance AS anon_1_users_wallet_balance, anon_1.users_last_login AS anon_1_users_last_login, roles_1.id AS roles_1_id, roles_1.role_name AS roles_1_role_name 
FROM (SELECT users.id AS users_id, users.email AS users_email, users.user_name AS users_user_name, users.password AS users_password, users.first_name AS users_first_name, users.last_name AS users_last_name, users.department AS users_department, users.tech_stack AS users_tech_stack, users.profile_photo_url AS users_profile_photo_url, users.active AS users_active, users.wallet_balance AS users_wallet_balance, users.last_login AS users_last_login 
FROM users 
WHERE users.email = %(email_1)s 
 LIMIT %(param_1)s) AS anon_1 LEFT OUTER JOIN (user_roles AS user_roles_1 JOIN roles AS roles_1 ON roles_1.id = user_roles_1.role_id) ON anon_1.users_id = user_roles_1.user_id
2025-05-15 02:15:58,141 - sqlalchemy.engine.Engine - INFO - [cached since 17.92s ago] {'email_1': 'shreyas', 'param_1': 1}
2025-05-15 02:15:58,277 - sqlalchemy.engine.Engine - INFO - SELECT anon_1.users_id AS anon_1_users_id, anon_1.users_email AS anon_1_users_email, anon_1.users_user_name AS anon_1_users_user_name, anon_1.users_password AS anon_1_users_password, anon_1.users_first_name AS anon_1_users_first_name, anon_1.users_last_name AS anon_1_users_last_name, anon_1.users_department AS anon_1_users_department, anon_1.users_tech_stack AS anon_1_users_tech_stack, anon_1.users_profile_photo_url AS anon_1_users_profile_photo_url, anon_1.users_active AS anon_1_users_active, anon_1.users_wallet_balance AS anon_1_users_wallet_balance, anon_1.users_last_login AS anon_1_users_last_login, roles_1.id AS roles_1_id, roles_1.role_name AS roles_1_role_name 
FROM (SELECT users.id AS users_id, users.email AS users_email, users.user_name AS users_user_name, users.password AS users_password, users.first_name AS users_first_name, users.last_name AS users_last_name, users.department AS users_department, users.tech_stack AS users_tech_stack, users.profile_photo_url AS users_profile_photo_url, users.active AS users_active, users.wallet_balance AS users_wallet_balance, users.last_login AS users_last_login 
FROM users 
WHERE users.user_name = %(user_name_1)s 
 LIMIT %(param_1)s) AS anon_1 LEFT OUTER JOIN (user_roles AS user_roles_1 JOIN roles AS roles_1 ON roles_1.id = user_roles_1.role_id) ON anon_1.users_id = user_roles_1.user_id
2025-05-15 02:15:58,278 - sqlalchemy.engine.Engine - INFO - [cached since 17.92s ago] {'user_name_1': 'shreyas', 'param_1': 1}
2025-05-15 02:15:58,342 - sqlalchemy.engine.Engine - INFO - SELECT roles.id AS roles_id, roles.role_name AS roles_role_name 
FROM roles 
WHERE roles.role_name = %(role_name_1)s 
 LIMIT %(param_1)s
2025-05-15 02:15:58,342 - sqlalchemy.engine.Engine - INFO - [cached since 17.92s ago] {'role_name_1': 'ROLE_ADMIN', 'param_1': 1}
2025-05-15 02:15:58,407 - sqlalchemy.engine.Engine - INFO - UPDATE users SET last_login=%(last_login)s WHERE users.id = %(users_id)s
2025-05-15 02:15:58,408 - sqlalchemy.engine.Engine - INFO - [cached since 17.92s ago] {'last_login': datetime.datetime(2025, 5, 14, 20, 45, 58, 342020), 'users_id': 15}
2025-05-15 02:15:58,478 - sqlalchemy.engine.Engine - INFO - COMMIT
2025-05-15 02:15:58,544 - app.core.exceptions - ERROR - Validation error: [{'type': 'missing', 'loc': ('body', 'due_date'), 'msg': 'Field required', 'input': {'title': 'Learn Python', 'description': 'Master Python programming', 'target_date': '2024-12-31', 'status': 'not-started'}}]
2025-05-15 02:16:39,008 - sqlalchemy.engine.Engine - INFO - BEGIN (implicit)
2025-05-15 02:16:39,009 - sqlalchemy.engine.Engine - INFO - SELECT anon_1.users_id AS anon_1_users_id, anon_1.users_email AS anon_1_users_email, anon_1.users_user_name AS anon_1_users_user_name, anon_1.users_password AS anon_1_users_password, anon_1.users_first_name AS anon_1_users_first_name, anon_1.users_last_name AS anon_1_users_last_name, anon_1.users_department AS anon_1_users_department, anon_1.users_tech_stack AS anon_1_users_tech_stack, anon_1.users_profile_photo_url AS anon_1_users_profile_photo_url, anon_1.users_active AS anon_1_users_active, anon_1.users_wallet_balance AS anon_1_users_wallet_balance, anon_1.users_last_login AS anon_1_users_last_login, roles_1.id AS roles_1_id, roles_1.role_name AS roles_1_role_name 
FROM (SELECT users.id AS users_id, users.email AS users_email, users.user_name AS users_user_name, users.password AS users_password, users.first_name AS users_first_name, users.last_name AS users_last_name, users.department AS users_department, users.tech_stack AS users_tech_stack, users.profile_photo_url AS users_profile_photo_url, users.active AS users_active, users.wallet_balance AS users_wallet_balance, users.last_login AS users_last_login 
FROM users 
WHERE users.email = %(email_1)s 
 LIMIT %(param_1)s) AS anon_1 LEFT OUTER JOIN (user_roles AS user_roles_1 JOIN roles AS roles_1 ON roles_1.id = user_roles_1.role_id) ON anon_1.users_id = user_roles_1.user_id
2025-05-15 02:16:39,009 - sqlalchemy.engine.Engine - INFO - [cached since 58.79s ago] {'email_1': 'shreyas', 'param_1': 1}
2025-05-15 02:16:39,139 - sqlalchemy.engine.Engine - INFO - SELECT anon_1.users_id AS anon_1_users_id, anon_1.users_email AS anon_1_users_email, anon_1.users_user_name AS anon_1_users_user_name, anon_1.users_password AS anon_1_users_password, anon_1.users_first_name AS anon_1_users_first_name, anon_1.users_last_name AS anon_1_users_last_name, anon_1.users_department AS anon_1_users_department, anon_1.users_tech_stack AS anon_1_users_tech_stack, anon_1.users_profile_photo_url AS anon_1_users_profile_photo_url, anon_1.users_active AS anon_1_users_active, anon_1.users_wallet_balance AS anon_1_users_wallet_balance, anon_1.users_last_login AS anon_1_users_last_login, roles_1.id AS roles_1_id, roles_1.role_name AS roles_1_role_name 
FROM (SELECT users.id AS users_id, users.email AS users_email, users.user_name AS users_user_name, users.password AS users_password, users.first_name AS users_first_name, users.last_name AS users_last_name, users.department AS users_department, users.tech_stack AS users_tech_stack, users.profile_photo_url AS users_profile_photo_url, users.active AS users_active, users.wallet_balance AS users_wallet_balance, users.last_login AS users_last_login 
FROM users 
WHERE users.user_name = %(user_name_1)s 
 LIMIT %(param_1)s) AS anon_1 LEFT OUTER JOIN (user_roles AS user_roles_1 JOIN roles AS roles_1 ON roles_1.id = user_roles_1.role_id) ON anon_1.users_id = user_roles_1.user_id
2025-05-15 02:16:39,141 - sqlalchemy.engine.Engine - INFO - [cached since 58.79s ago] {'user_name_1': 'shreyas', 'param_1': 1}
2025-05-15 02:16:39,207 - sqlalchemy.engine.Engine - INFO - SELECT roles.id AS roles_id, roles.role_name AS roles_role_name 
FROM roles 
WHERE roles.role_name = %(role_name_1)s 
 LIMIT %(param_1)s
2025-05-15 02:16:39,207 - sqlalchemy.engine.Engine - INFO - [cached since 58.78s ago] {'role_name_1': 'ROLE_ADMIN', 'param_1': 1}
2025-05-15 02:16:39,273 - sqlalchemy.engine.Engine - INFO - UPDATE users SET last_login=%(last_login)s WHERE users.id = %(users_id)s
2025-05-15 02:16:39,273 - sqlalchemy.engine.Engine - INFO - [cached since 58.78s ago] {'last_login': datetime.datetime(2025, 5, 14, 20, 46, 39, 206124), 'users_id': 15}
2025-05-15 02:16:39,338 - sqlalchemy.engine.Engine - INFO - COMMIT
2025-05-15 02:16:39,405 - sqlalchemy.engine.Engine - INFO - BEGIN (implicit)
2025-05-15 02:16:39,406 - sqlalchemy.engine.Engine - INFO - SELECT users.id AS users_id, users.email AS users_email, users.user_name AS users_user_name, users.password AS users_password, users.first_name AS users_first_name, users.last_name AS users_last_name, users.department AS users_department, users.tech_stack AS users_tech_stack, users.profile_photo_url AS users_profile_photo_url, users.active AS users_active, users.wallet_balance AS users_wallet_balance, users.last_login AS users_last_login, roles_1.id AS roles_1_id, roles_1.role_name AS roles_1_role_name 
FROM users LEFT OUTER JOIN (user_roles AS user_roles_1 JOIN roles AS roles_1 ON roles_1.id = user_roles_1.role_id) ON users.id = user_roles_1.user_id 
WHERE users.id = %(pk_1)s
2025-05-15 02:16:39,406 - sqlalchemy.engine.Engine - INFO - [cached since 58.77s ago] {'pk_1': 15}
2025-05-15 02:16:39,536 - sqlalchemy.engine.Engine - INFO - SELECT goals.id AS goals_id, goals.user_id AS goals_user_id, goals.title AS goals_title, goals.description AS goals_description, goals.due_date AS goals_due_date, goals.status AS goals_status, goals.created_at AS goals_created_at, goals.updated_at AS goals_updated_at 
FROM goals 
WHERE goals.user_id = %(user_id_1)s 
 LIMIT %(param_1)s OFFSET %(param_2)s
2025-05-15 02:16:39,537 - sqlalchemy.engine.Engine - INFO - [generated in 0.00063s] {'user_id_1': 15, 'param_1': 100, 'param_2': 0}
2025-05-15 02:16:39,602 - sqlalchemy.engine.Engine - INFO - ROLLBACK
2025-05-15 02:16:56,118 - root - INFO - Shutting down Journal API
2025-05-15 02:16:58,969 - sqlalchemy.engine.Engine - INFO - select pg_catalog.version()
2025-05-15 02:16:58,975 - sqlalchemy.engine.Engine - INFO - [raw sql] {}
2025-05-15 02:16:59,123 - sqlalchemy.engine.Engine - INFO - select current_schema()
2025-05-15 02:16:59,123 - sqlalchemy.engine.Engine - INFO - [raw sql] {}
2025-05-15 02:16:59,379 - sqlalchemy.engine.Engine - INFO - show standard_conforming_strings
2025-05-15 02:16:59,380 - sqlalchemy.engine.Engine - INFO - [raw sql] {}
2025-05-15 02:16:59,511 - sqlalchemy.engine.Engine - INFO - BEGIN (implicit)
2025-05-15 02:16:59,518 - sqlalchemy.engine.Engine - INFO - SELECT pg_catalog.pg_class.relname 
FROM pg_catalog.pg_class JOIN pg_catalog.pg_namespace ON pg_catalog.pg_namespace.oid = pg_catalog.pg_class.relnamespace 
WHERE pg_catalog.pg_class.relname = %(table_name)s AND pg_catalog.pg_class.relkind = ANY (ARRAY[%(param_1)s, %(param_2)s, %(param_3)s, %(param_4)s, %(param_5)s]) AND pg_catalog.pg_table_is_visible(pg_catalog.pg_class.oid) AND pg_catalog.pg_namespace.nspname != %(nspname_1)s
2025-05-15 02:16:59,519 - sqlalchemy.engine.Engine - INFO - [generated in 0.00078s] {'table_name': 'user_roles', 'param_1': 'r', 'param_2': 'p', 'param_3': 'f', 'param_4': 'v', 'param_5': 'm', 'nspname_1': 'pg_catalog'}
2025-05-15 02:16:59,653 - sqlalchemy.engine.Engine - INFO - SELECT pg_catalog.pg_class.relname 
FROM pg_catalog.pg_class JOIN pg_catalog.pg_namespace ON pg_catalog.pg_namespace.oid = pg_catalog.pg_class.relnamespace 
WHERE pg_catalog.pg_class.relname = %(table_name)s AND pg_catalog.pg_class.relkind = ANY (ARRAY[%(param_1)s, %(param_2)s, %(param_3)s, %(param_4)s, %(param_5)s]) AND pg_catalog.pg_table_is_visible(pg_catalog.pg_class.oid) AND pg_catalog.pg_namespace.nspname != %(nspname_1)s
2025-05-15 02:16:59,678 - sqlalchemy.engine.Engine - INFO - [cached since 0.1599s ago] {'table_name': 'roles', 'param_1': 'r', 'param_2': 'p', 'param_3': 'f', 'param_4': 'v', 'param_5': 'm', 'nspname_1': 'pg_catalog'}
2025-05-15 02:16:59,769 - sqlalchemy.engine.Engine - INFO - SELECT pg_catalog.pg_class.relname 
FROM pg_catalog.pg_class JOIN pg_catalog.pg_namespace ON pg_catalog.pg_namespace.oid = pg_catalog.pg_class.relnamespace 
WHERE pg_catalog.pg_class.relname = %(table_name)s AND pg_catalog.pg_class.relkind = ANY (ARRAY[%(param_1)s, %(param_2)s, %(param_3)s, %(param_4)s, %(param_5)s]) AND pg_catalog.pg_table_is_visible(pg_catalog.pg_class.oid) AND pg_catalog.pg_namespace.nspname != %(nspname_1)s
2025-05-15 02:16:59,772 - sqlalchemy.engine.Engine - INFO - [cached since 0.2537s ago] {'table_name': 'users', 'param_1': 'r', 'param_2': 'p', 'param_3': 'f', 'param_4': 'v', 'param_5': 'm', 'nspname_1': 'pg_catalog'}
2025-05-15 02:16:59,837 - sqlalchemy.engine.Engine - INFO - SELECT pg_catalog.pg_class.relname 
FROM pg_catalog.pg_class JOIN pg_catalog.pg_namespace ON pg_catalog.pg_namespace.oid = pg_catalog.pg_class.relnamespace 
WHERE pg_catalog.pg_class.relname = %(table_name)s AND pg_catalog.pg_class.relkind = ANY (ARRAY[%(param_1)s, %(param_2)s, %(param_3)s, %(param_4)s, %(param_5)s]) AND pg_catalog.pg_table_is_visible(pg_catalog.pg_class.oid) AND pg_catalog.pg_namespace.nspname != %(nspname_1)s
2025-05-15 02:16:59,837 - sqlalchemy.engine.Engine - INFO - [cached since 0.3188s ago] {'table_name': 'journal_entries', 'param_1': 'r', 'param_2': 'p', 'param_3': 'f', 'param_4': 'v', 'param_5': 'm', 'nspname_1': 'pg_catalog'}
2025-05-15 02:16:59,902 - sqlalchemy.engine.Engine - INFO - SELECT pg_catalog.pg_class.relname 
FROM pg_catalog.pg_class JOIN pg_catalog.pg_namespace ON pg_catalog.pg_namespace.oid = pg_catalog.pg_class.relnamespace 
WHERE pg_catalog.pg_class.relname = %(table_name)s AND pg_catalog.pg_class.relkind = ANY (ARRAY[%(param_1)s, %(param_2)s, %(param_3)s, %(param_4)s, %(param_5)s]) AND pg_catalog.pg_table_is_visible(pg_catalog.pg_class.oid) AND pg_catalog.pg_namespace.nspname != %(nspname_1)s
2025-05-15 02:16:59,902 - sqlalchemy.engine.Engine - INFO - [cached since 0.3844s ago] {'table_name': 'habits', 'param_1': 'r', 'param_2': 'p', 'param_3': 'f', 'param_4': 'v', 'param_5': 'm', 'nspname_1': 'pg_catalog'}
2025-05-15 02:16:59,969 - sqlalchemy.engine.Engine - INFO - SELECT pg_catalog.pg_class.relname 
FROM pg_catalog.pg_class JOIN pg_catalog.pg_namespace ON pg_catalog.pg_namespace.oid = pg_catalog.pg_class.relnamespace 
WHERE pg_catalog.pg_class.relname = %(table_name)s AND pg_catalog.pg_class.relkind = ANY (ARRAY[%(param_1)s, %(param_2)s, %(param_3)s, %(param_4)s, %(param_5)s]) AND pg_catalog.pg_table_is_visible(pg_catalog.pg_class.oid) AND pg_catalog.pg_namespace.nspname != %(nspname_1)s
2025-05-15 02:16:59,970 - sqlalchemy.engine.Engine - INFO - [cached since 0.4518s ago] {'table_name': 'habit_logs', 'param_1': 'r', 'param_2': 'p', 'param_3': 'f', 'param_4': 'v', 'param_5': 'm', 'nspname_1': 'pg_catalog'}
2025-05-15 02:17:00,035 - sqlalchemy.engine.Engine - INFO - SELECT pg_catalog.pg_class.relname 
FROM pg_catalog.pg_class JOIN pg_catalog.pg_namespace ON pg_catalog.pg_namespace.oid = pg_catalog.pg_class.relnamespace 
WHERE pg_catalog.pg_class.relname = %(table_name)s AND pg_catalog.pg_class.relkind = ANY (ARRAY[%(param_1)s, %(param_2)s, %(param_3)s, %(param_4)s, %(param_5)s]) AND pg_catalog.pg_table_is_visible(pg_catalog.pg_class.oid) AND pg_catalog.pg_namespace.nspname != %(nspname_1)s
2025-05-15 02:17:00,036 - sqlalchemy.engine.Engine - INFO - [cached since 0.5179s ago] {'table_name': 'goals', 'param_1': 'r', 'param_2': 'p', 'param_3': 'f', 'param_4': 'v', 'param_5': 'm', 'nspname_1': 'pg_catalog'}
2025-05-15 02:17:00,102 - sqlalchemy.engine.Engine - INFO - COMMIT
2025-05-15 02:17:00,167 - root - INFO - Database tables created successfully
2025-05-15 02:17:00,205 - root - INFO - Starting up Journal API
2025-05-15 02:17:00,205 - root - ERROR - Database connection test failed: Not an executable object: 'SELECT 1'
2025-05-15 02:17:00,209 - root - DEBUG - Stack trace: Traceback (most recent call last):
  File "C:\Users\kanaka\AppData\Local\Programs\Python\Python313\Lib\site-packages\sqlalchemy\engine\base.py", line 1411, in execute
    meth = statement._execute_on_connection
           ^^^^^^^^^^^^^^^^^^^^^^^^^^^^^^^^
AttributeError: 'str' object has no attribute '_execute_on_connection'

The above exception was the direct cause of the following exception:

Traceback (most recent call last):
  File "C:\Users\kanaka\Documents\kannect\kannect-journal-service\app\main.py", line 58, in startup_event
    conn.execute("SELECT 1")
    ~~~~~~~~~~~~^^^^^^^^^^^^
  File "C:\Users\kanaka\AppData\Local\Programs\Python\Python313\Lib\site-packages\sqlalchemy\engine\base.py", line 1413, in execute
    raise exc.ObjectNotExecutableError(statement) from err
sqlalchemy.exc.ObjectNotExecutableError: Not an executable object: 'SELECT 1'

2025-05-15 02:17:24,725 - sqlalchemy.engine.Engine - INFO - BEGIN (implicit)
2025-05-15 02:17:24,741 - sqlalchemy.engine.Engine - INFO - SELECT anon_1.users_id AS anon_1_users_id, anon_1.users_email AS anon_1_users_email, anon_1.users_user_name AS anon_1_users_user_name, anon_1.users_password AS anon_1_users_password, anon_1.users_first_name AS anon_1_users_first_name, anon_1.users_last_name AS anon_1_users_last_name, anon_1.users_department AS anon_1_users_department, anon_1.users_tech_stack AS anon_1_users_tech_stack, anon_1.users_profile_photo_url AS anon_1_users_profile_photo_url, anon_1.users_active AS anon_1_users_active, anon_1.users_wallet_balance AS anon_1_users_wallet_balance, anon_1.users_last_login AS anon_1_users_last_login, roles_1.id AS roles_1_id, roles_1.role_name AS roles_1_role_name 
FROM (SELECT users.id AS users_id, users.email AS users_email, users.user_name AS users_user_name, users.password AS users_password, users.first_name AS users_first_name, users.last_name AS users_last_name, users.department AS users_department, users.tech_stack AS users_tech_stack, users.profile_photo_url AS users_profile_photo_url, users.active AS users_active, users.wallet_balance AS users_wallet_balance, users.last_login AS users_last_login 
FROM users 
WHERE users.email = %(email_1)s 
 LIMIT %(param_1)s) AS anon_1 LEFT OUTER JOIN (user_roles AS user_roles_1 JOIN roles AS roles_1 ON roles_1.id = user_roles_1.role_id) ON anon_1.users_id = user_roles_1.user_id
2025-05-15 02:17:24,742 - sqlalchemy.engine.Engine - INFO - [generated in 0.00105s] {'email_1': 'shreyas', 'param_1': 1}
2025-05-15 02:17:24,879 - sqlalchemy.engine.Engine - INFO - SELECT anon_1.users_id AS anon_1_users_id, anon_1.users_email AS anon_1_users_email, anon_1.users_user_name AS anon_1_users_user_name, anon_1.users_password AS anon_1_users_password, anon_1.users_first_name AS anon_1_users_first_name, anon_1.users_last_name AS anon_1_users_last_name, anon_1.users_department AS anon_1_users_department, anon_1.users_tech_stack AS anon_1_users_tech_stack, anon_1.users_profile_photo_url AS anon_1_users_profile_photo_url, anon_1.users_active AS anon_1_users_active, anon_1.users_wallet_balance AS anon_1_users_wallet_balance, anon_1.users_last_login AS anon_1_users_last_login, roles_1.id AS roles_1_id, roles_1.role_name AS roles_1_role_name 
FROM (SELECT users.id AS users_id, users.email AS users_email, users.user_name AS users_user_name, users.password AS users_password, users.first_name AS users_first_name, users.last_name AS users_last_name, users.department AS users_department, users.tech_stack AS users_tech_stack, users.profile_photo_url AS users_profile_photo_url, users.active AS users_active, users.wallet_balance AS users_wallet_balance, users.last_login AS users_last_login 
FROM users 
WHERE users.user_name = %(user_name_1)s 
 LIMIT %(param_1)s) AS anon_1 LEFT OUTER JOIN (user_roles AS user_roles_1 JOIN roles AS roles_1 ON roles_1.id = user_roles_1.role_id) ON anon_1.users_id = user_roles_1.user_id
2025-05-15 02:17:24,879 - sqlalchemy.engine.Engine - INFO - [generated in 0.00074s] {'user_name_1': 'shreyas', 'param_1': 1}
2025-05-15 02:17:24,949 - sqlalchemy.engine.Engine - INFO - SELECT roles.id AS roles_id, roles.role_name AS roles_role_name 
FROM roles 
WHERE roles.role_name = %(role_name_1)s 
 LIMIT %(param_1)s
2025-05-15 02:17:24,949 - sqlalchemy.engine.Engine - INFO - [generated in 0.00068s] {'role_name_1': 'ROLE_ADMIN', 'param_1': 1}
2025-05-15 02:17:25,017 - sqlalchemy.engine.Engine - INFO - UPDATE users SET last_login=%(last_login)s WHERE users.id = %(users_id)s
2025-05-15 02:17:25,018 - sqlalchemy.engine.Engine - INFO - [generated in 0.00068s] {'last_login': datetime.datetime(2025, 5, 14, 20, 47, 24, 947088), 'users_id': 15}
2025-05-15 02:17:25,084 - sqlalchemy.engine.Engine - INFO - COMMIT
2025-05-15 02:17:25,152 - sqlalchemy.engine.Engine - INFO - BEGIN (implicit)
2025-05-15 02:17:25,157 - sqlalchemy.engine.Engine - INFO - SELECT users.id AS users_id, users.email AS users_email, users.user_name AS users_user_name, users.password AS users_password, users.first_name AS users_first_name, users.last_name AS users_last_name, users.department AS users_department, users.tech_stack AS users_tech_stack, users.profile_photo_url AS users_profile_photo_url, users.active AS users_active, users.wallet_balance AS users_wallet_balance, users.last_login AS users_last_login, roles_1.id AS roles_1_id, roles_1.role_name AS roles_1_role_name 
FROM users LEFT OUTER JOIN (user_roles AS user_roles_1 JOIN roles AS roles_1 ON roles_1.id = user_roles_1.role_id) ON users.id = user_roles_1.user_id 
WHERE users.id = %(pk_1)s
2025-05-15 02:17:25,157 - sqlalchemy.engine.Engine - INFO - [generated in 0.00082s] {'pk_1': 15}
2025-05-15 02:17:25,295 - sqlalchemy.engine.Engine - INFO - INSERT INTO goals (user_id, title, description, due_date, status) VALUES (%(user_id)s, %(title)s, %(description)s, %(due_date)s, %(status)s) RETURNING goals.id, goals.created_at, goals.updated_at
2025-05-15 02:17:25,296 - sqlalchemy.engine.Engine - INFO - [generated in 0.00071s] {'user_id': 15, 'title': 'Learn Python', 'description': 'Master Python programming', 'due_date': datetime.datetime(2024, 12, 31, 0, 0), 'status': 'not-started'}
2025-05-15 02:17:25,364 - sqlalchemy.engine.Engine - INFO - COMMIT
2025-05-15 02:17:25,435 - sqlalchemy.engine.Engine - INFO - BEGIN (implicit)
2025-05-15 02:17:25,438 - sqlalchemy.engine.Engine - INFO - SELECT goals.id, goals.user_id, goals.title, goals.description, goals.due_date, goals.status, goals.created_at, goals.updated_at 
FROM goals 
WHERE goals.id = %(pk_1)s
2025-05-15 02:17:25,438 - sqlalchemy.engine.Engine - INFO - [generated in 0.00132s] {'pk_1': 1}
2025-05-15 02:17:25,569 - sqlalchemy.engine.Engine - INFO - ROLLBACK
2025-05-15 02:17:30,589 - sqlalchemy.engine.Engine - INFO - BEGIN (implicit)
2025-05-15 02:17:30,589 - sqlalchemy.engine.Engine - INFO - SELECT anon_1.users_id AS anon_1_users_id, anon_1.users_email AS anon_1_users_email, anon_1.users_user_name AS anon_1_users_user_name, anon_1.users_password AS anon_1_users_password, anon_1.users_first_name AS anon_1_users_first_name, anon_1.users_last_name AS anon_1_users_last_name, anon_1.users_department AS anon_1_users_department, anon_1.users_tech_stack AS anon_1_users_tech_stack, anon_1.users_profile_photo_url AS anon_1_users_profile_photo_url, anon_1.users_active AS anon_1_users_active, anon_1.users_wallet_balance AS anon_1_users_wallet_balance, anon_1.users_last_login AS anon_1_users_last_login, roles_1.id AS roles_1_id, roles_1.role_name AS roles_1_role_name 
FROM (SELECT users.id AS users_id, users.email AS users_email, users.user_name AS users_user_name, users.password AS users_password, users.first_name AS users_first_name, users.last_name AS users_last_name, users.department AS users_department, users.tech_stack AS users_tech_stack, users.profile_photo_url AS users_profile_photo_url, users.active AS users_active, users.wallet_balance AS users_wallet_balance, users.last_login AS users_last_login 
FROM users 
WHERE users.email = %(email_1)s 
 LIMIT %(param_1)s) AS anon_1 LEFT OUTER JOIN (user_roles AS user_roles_1 JOIN roles AS roles_1 ON roles_1.id = user_roles_1.role_id) ON anon_1.users_id = user_roles_1.user_id
2025-05-15 02:17:30,590 - sqlalchemy.engine.Engine - INFO - [cached since 5.849s ago] {'email_1': 'shreyas', 'param_1': 1}
2025-05-15 02:17:30,724 - sqlalchemy.engine.Engine - INFO - SELECT anon_1.users_id AS anon_1_users_id, anon_1.users_email AS anon_1_users_email, anon_1.users_user_name AS anon_1_users_user_name, anon_1.users_password AS anon_1_users_password, anon_1.users_first_name AS anon_1_users_first_name, anon_1.users_last_name AS anon_1_users_last_name, anon_1.users_department AS anon_1_users_department, anon_1.users_tech_stack AS anon_1_users_tech_stack, anon_1.users_profile_photo_url AS anon_1_users_profile_photo_url, anon_1.users_active AS anon_1_users_active, anon_1.users_wallet_balance AS anon_1_users_wallet_balance, anon_1.users_last_login AS anon_1_users_last_login, roles_1.id AS roles_1_id, roles_1.role_name AS roles_1_role_name 
FROM (SELECT users.id AS users_id, users.email AS users_email, users.user_name AS users_user_name, users.password AS users_password, users.first_name AS users_first_name, users.last_name AS users_last_name, users.department AS users_department, users.tech_stack AS users_tech_stack, users.profile_photo_url AS users_profile_photo_url, users.active AS users_active, users.wallet_balance AS users_wallet_balance, users.last_login AS users_last_login 
FROM users 
WHERE users.user_name = %(user_name_1)s 
 LIMIT %(param_1)s) AS anon_1 LEFT OUTER JOIN (user_roles AS user_roles_1 JOIN roles AS roles_1 ON roles_1.id = user_roles_1.role_id) ON anon_1.users_id = user_roles_1.user_id
2025-05-15 02:17:30,724 - sqlalchemy.engine.Engine - INFO - [cached since 5.846s ago] {'user_name_1': 'shreyas', 'param_1': 1}
2025-05-15 02:17:30,795 - sqlalchemy.engine.Engine - INFO - SELECT roles.id AS roles_id, roles.role_name AS roles_role_name 
FROM roles 
WHERE roles.role_name = %(role_name_1)s 
 LIMIT %(param_1)s
2025-05-15 02:17:30,796 - sqlalchemy.engine.Engine - INFO - [cached since 5.848s ago] {'role_name_1': 'ROLE_ADMIN', 'param_1': 1}
2025-05-15 02:17:30,878 - sqlalchemy.engine.Engine - INFO - UPDATE users SET last_login=%(last_login)s WHERE users.id = %(users_id)s
2025-05-15 02:17:30,879 - sqlalchemy.engine.Engine - INFO - [cached since 5.862s ago] {'last_login': datetime.datetime(2025, 5, 14, 20, 47, 30, 795308), 'users_id': 15}
2025-05-15 02:17:30,955 - sqlalchemy.engine.Engine - INFO - COMMIT
2025-05-15 02:17:31,023 - sqlalchemy.engine.Engine - INFO - BEGIN (implicit)
2025-05-15 02:17:31,024 - sqlalchemy.engine.Engine - INFO - SELECT users.id AS users_id, users.email AS users_email, users.user_name AS users_user_name, users.password AS users_password, users.first_name AS users_first_name, users.last_name AS users_last_name, users.department AS users_department, users.tech_stack AS users_tech_stack, users.profile_photo_url AS users_profile_photo_url, users.active AS users_active, users.wallet_balance AS users_wallet_balance, users.last_login AS users_last_login, roles_1.id AS roles_1_id, roles_1.role_name AS roles_1_role_name 
FROM users LEFT OUTER JOIN (user_roles AS user_roles_1 JOIN roles AS roles_1 ON roles_1.id = user_roles_1.role_id) ON users.id = user_roles_1.user_id 
WHERE users.id = %(pk_1)s
2025-05-15 02:17:31,024 - sqlalchemy.engine.Engine - INFO - [cached since 5.868s ago] {'pk_1': 15}
2025-05-15 02:17:31,157 - sqlalchemy.engine.Engine - INFO - SELECT goals.id AS goals_id, goals.user_id AS goals_user_id, goals.title AS goals_title, goals.description AS goals_description, goals.due_date AS goals_due_date, goals.status AS goals_status, goals.created_at AS goals_created_at, goals.updated_at AS goals_updated_at 
FROM goals 
WHERE goals.user_id = %(user_id_1)s 
 LIMIT %(param_1)s OFFSET %(param_2)s
2025-05-15 02:17:31,157 - sqlalchemy.engine.Engine - INFO - [generated in 0.00036s] {'user_id_1': 15, 'param_1': 100, 'param_2': 0}
2025-05-15 02:17:31,223 - sqlalchemy.engine.Engine - INFO - ROLLBACK
2025-05-15 02:17:36,222 - sqlalchemy.engine.Engine - INFO - BEGIN (implicit)
2025-05-15 02:17:36,222 - sqlalchemy.engine.Engine - INFO - SELECT anon_1.users_id AS anon_1_users_id, anon_1.users_email AS anon_1_users_email, anon_1.users_user_name AS anon_1_users_user_name, anon_1.users_password AS anon_1_users_password, anon_1.users_first_name AS anon_1_users_first_name, anon_1.users_last_name AS anon_1_users_last_name, anon_1.users_department AS anon_1_users_department, anon_1.users_tech_stack AS anon_1_users_tech_stack, anon_1.users_profile_photo_url AS anon_1_users_profile_photo_url, anon_1.users_active AS anon_1_users_active, anon_1.users_wallet_balance AS anon_1_users_wallet_balance, anon_1.users_last_login AS anon_1_users_last_login, roles_1.id AS roles_1_id, roles_1.role_name AS roles_1_role_name 
FROM (SELECT users.id AS users_id, users.email AS users_email, users.user_name AS users_user_name, users.password AS users_password, users.first_name AS users_first_name, users.last_name AS users_last_name, users.department AS users_department, users.tech_stack AS users_tech_stack, users.profile_photo_url AS users_profile_photo_url, users.active AS users_active, users.wallet_balance AS users_wallet_balance, users.last_login AS users_last_login 
FROM users 
WHERE users.email = %(email_1)s 
 LIMIT %(param_1)s) AS anon_1 LEFT OUTER JOIN (user_roles AS user_roles_1 JOIN roles AS roles_1 ON roles_1.id = user_roles_1.role_id) ON anon_1.users_id = user_roles_1.user_id
2025-05-15 02:17:36,222 - sqlalchemy.engine.Engine - INFO - [cached since 11.48s ago] {'email_1': 'shreyas', 'param_1': 1}
2025-05-15 02:17:36,351 - sqlalchemy.engine.Engine - INFO - SELECT anon_1.users_id AS anon_1_users_id, anon_1.users_email AS anon_1_users_email, anon_1.users_user_name AS anon_1_users_user_name, anon_1.users_password AS anon_1_users_password, anon_1.users_first_name AS anon_1_users_first_name, anon_1.users_last_name AS anon_1_users_last_name, anon_1.users_department AS anon_1_users_department, anon_1.users_tech_stack AS anon_1_users_tech_stack, anon_1.users_profile_photo_url AS anon_1_users_profile_photo_url, anon_1.users_active AS anon_1_users_active, anon_1.users_wallet_balance AS anon_1_users_wallet_balance, anon_1.users_last_login AS anon_1_users_last_login, roles_1.id AS roles_1_id, roles_1.role_name AS roles_1_role_name 
FROM (SELECT users.id AS users_id, users.email AS users_email, users.user_name AS users_user_name, users.password AS users_password, users.first_name AS users_first_name, users.last_name AS users_last_name, users.department AS users_department, users.tech_stack AS users_tech_stack, users.profile_photo_url AS users_profile_photo_url, users.active AS users_active, users.wallet_balance AS users_wallet_balance, users.last_login AS users_last_login 
FROM users 
WHERE users.user_name = %(user_name_1)s 
 LIMIT %(param_1)s) AS anon_1 LEFT OUTER JOIN (user_roles AS user_roles_1 JOIN roles AS roles_1 ON roles_1.id = user_roles_1.role_id) ON anon_1.users_id = user_roles_1.user_id
2025-05-15 02:17:36,352 - sqlalchemy.engine.Engine - INFO - [cached since 11.47s ago] {'user_name_1': 'shreyas', 'param_1': 1}
2025-05-15 02:17:36,417 - sqlalchemy.engine.Engine - INFO - SELECT roles.id AS roles_id, roles.role_name AS roles_role_name 
FROM roles 
WHERE roles.role_name = %(role_name_1)s 
 LIMIT %(param_1)s
2025-05-15 02:17:36,418 - sqlalchemy.engine.Engine - INFO - [cached since 11.47s ago] {'role_name_1': 'ROLE_ADMIN', 'param_1': 1}
2025-05-15 02:17:36,510 - sqlalchemy.engine.Engine - INFO - UPDATE users SET last_login=%(last_login)s WHERE users.id = %(users_id)s
2025-05-15 02:17:36,510 - sqlalchemy.engine.Engine - INFO - [cached since 11.49s ago] {'last_login': datetime.datetime(2025, 5, 14, 20, 47, 36, 417426), 'users_id': 15}
2025-05-15 02:17:36,604 - sqlalchemy.engine.Engine - INFO - COMMIT
2025-05-15 02:17:36,670 - sqlalchemy.engine.Engine - INFO - BEGIN (implicit)
2025-05-15 02:17:36,671 - sqlalchemy.engine.Engine - INFO - SELECT users.id AS users_id, users.email AS users_email, users.user_name AS users_user_name, users.password AS users_password, users.first_name AS users_first_name, users.last_name AS users_last_name, users.department AS users_department, users.tech_stack AS users_tech_stack, users.profile_photo_url AS users_profile_photo_url, users.active AS users_active, users.wallet_balance AS users_wallet_balance, users.last_login AS users_last_login, roles_1.id AS roles_1_id, roles_1.role_name AS roles_1_role_name 
FROM users LEFT OUTER JOIN (user_roles AS user_roles_1 JOIN roles AS roles_1 ON roles_1.id = user_roles_1.role_id) ON users.id = user_roles_1.user_id 
WHERE users.id = %(pk_1)s
2025-05-15 02:17:36,671 - sqlalchemy.engine.Engine - INFO - [cached since 11.51s ago] {'pk_1': 15}
2025-05-15 02:17:36,804 - sqlalchemy.engine.Engine - INFO - SELECT goals.id AS goals_id, goals.user_id AS goals_user_id, goals.title AS goals_title, goals.description AS goals_description, goals.due_date AS goals_due_date, goals.status AS goals_status, goals.created_at AS goals_created_at, goals.updated_at AS goals_updated_at 
FROM goals 
WHERE goals.id = %(id_1)s AND goals.user_id = %(user_id_1)s 
 LIMIT %(param_1)s
2025-05-15 02:17:36,805 - sqlalchemy.engine.Engine - INFO - [generated in 0.00061s] {'id_1': 1, 'user_id_1': 15, 'param_1': 1}
2025-05-15 02:17:36,871 - sqlalchemy.engine.Engine - INFO - ROLLBACK
2025-05-15 02:17:43,659 - sqlalchemy.engine.Engine - INFO - BEGIN (implicit)
2025-05-15 02:17:43,659 - sqlalchemy.engine.Engine - INFO - SELECT anon_1.users_id AS anon_1_users_id, anon_1.users_email AS anon_1_users_email, anon_1.users_user_name AS anon_1_users_user_name, anon_1.users_password AS anon_1_users_password, anon_1.users_first_name AS anon_1_users_first_name, anon_1.users_last_name AS anon_1_users_last_name, anon_1.users_department AS anon_1_users_department, anon_1.users_tech_stack AS anon_1_users_tech_stack, anon_1.users_profile_photo_url AS anon_1_users_profile_photo_url, anon_1.users_active AS anon_1_users_active, anon_1.users_wallet_balance AS anon_1_users_wallet_balance, anon_1.users_last_login AS anon_1_users_last_login, roles_1.id AS roles_1_id, roles_1.role_name AS roles_1_role_name 
FROM (SELECT users.id AS users_id, users.email AS users_email, users.user_name AS users_user_name, users.password AS users_password, users.first_name AS users_first_name, users.last_name AS users_last_name, users.department AS users_department, users.tech_stack AS users_tech_stack, users.profile_photo_url AS users_profile_photo_url, users.active AS users_active, users.wallet_balance AS users_wallet_balance, users.last_login AS users_last_login 
FROM users 
WHERE users.email = %(email_1)s 
 LIMIT %(param_1)s) AS anon_1 LEFT OUTER JOIN (user_roles AS user_roles_1 JOIN roles AS roles_1 ON roles_1.id = user_roles_1.role_id) ON anon_1.users_id = user_roles_1.user_id
2025-05-15 02:17:43,660 - sqlalchemy.engine.Engine - INFO - [cached since 18.92s ago] {'email_1': 'shreyas', 'param_1': 1}
2025-05-15 02:17:43,797 - sqlalchemy.engine.Engine - INFO - SELECT anon_1.users_id AS anon_1_users_id, anon_1.users_email AS anon_1_users_email, anon_1.users_user_name AS anon_1_users_user_name, anon_1.users_password AS anon_1_users_password, anon_1.users_first_name AS anon_1_users_first_name, anon_1.users_last_name AS anon_1_users_last_name, anon_1.users_department AS anon_1_users_department, anon_1.users_tech_stack AS anon_1_users_tech_stack, anon_1.users_profile_photo_url AS anon_1_users_profile_photo_url, anon_1.users_active AS anon_1_users_active, anon_1.users_wallet_balance AS anon_1_users_wallet_balance, anon_1.users_last_login AS anon_1_users_last_login, roles_1.id AS roles_1_id, roles_1.role_name AS roles_1_role_name 
FROM (SELECT users.id AS users_id, users.email AS users_email, users.user_name AS users_user_name, users.password AS users_password, users.first_name AS users_first_name, users.last_name AS users_last_name, users.department AS users_department, users.tech_stack AS users_tech_stack, users.profile_photo_url AS users_profile_photo_url, users.active AS users_active, users.wallet_balance AS users_wallet_balance, users.last_login AS users_last_login 
FROM users 
WHERE users.user_name = %(user_name_1)s 
 LIMIT %(param_1)s) AS anon_1 LEFT OUTER JOIN (user_roles AS user_roles_1 JOIN roles AS roles_1 ON roles_1.id = user_roles_1.role_id) ON anon_1.users_id = user_roles_1.user_id
2025-05-15 02:17:43,798 - sqlalchemy.engine.Engine - INFO - [cached since 18.92s ago] {'user_name_1': 'shreyas', 'param_1': 1}
2025-05-15 02:17:43,864 - sqlalchemy.engine.Engine - INFO - SELECT roles.id AS roles_id, roles.role_name AS roles_role_name 
FROM roles 
WHERE roles.role_name = %(role_name_1)s 
 LIMIT %(param_1)s
2025-05-15 02:17:43,864 - sqlalchemy.engine.Engine - INFO - [cached since 18.92s ago] {'role_name_1': 'ROLE_ADMIN', 'param_1': 1}
2025-05-15 02:17:43,962 - sqlalchemy.engine.Engine - INFO - UPDATE users SET last_login=%(last_login)s WHERE users.id = %(users_id)s
2025-05-15 02:17:43,962 - sqlalchemy.engine.Engine - INFO - [cached since 18.94s ago] {'last_login': datetime.datetime(2025, 5, 14, 20, 47, 43, 862894), 'users_id': 15}
2025-05-15 02:17:44,027 - sqlalchemy.engine.Engine - INFO - COMMIT
2025-05-15 02:17:44,092 - sqlalchemy.engine.Engine - INFO - BEGIN (implicit)
2025-05-15 02:17:44,093 - sqlalchemy.engine.Engine - INFO - SELECT users.id AS users_id, users.email AS users_email, users.user_name AS users_user_name, users.password AS users_password, users.first_name AS users_first_name, users.last_name AS users_last_name, users.department AS users_department, users.tech_stack AS users_tech_stack, users.profile_photo_url AS users_profile_photo_url, users.active AS users_active, users.wallet_balance AS users_wallet_balance, users.last_login AS users_last_login, roles_1.id AS roles_1_id, roles_1.role_name AS roles_1_role_name 
FROM users LEFT OUTER JOIN (user_roles AS user_roles_1 JOIN roles AS roles_1 ON roles_1.id = user_roles_1.role_id) ON users.id = user_roles_1.user_id 
WHERE users.id = %(pk_1)s
2025-05-15 02:17:44,093 - sqlalchemy.engine.Engine - INFO - [cached since 18.94s ago] {'pk_1': 15}
2025-05-15 02:17:44,226 - sqlalchemy.engine.Engine - INFO - SELECT journal_entries.id AS journal_entries_id, journal_entries.user_id AS journal_entries_user_id, journal_entries.content AS journal_entries_content, journal_entries.sentiment_score AS journal_entries_sentiment_score, journal_entries.sentiment_label AS journal_entries_sentiment_label, journal_entries.created_at AS journal_entries_created_at, journal_entries.updated_at AS journal_entries_updated_at 
FROM journal_entries 
WHERE journal_entries.user_id = %(user_id_1)s AND journal_entries.created_at >= %(created_at_1)s
2025-05-15 02:17:44,226 - sqlalchemy.engine.Engine - INFO - [generated in 0.00045s] {'user_id_1': 15, 'created_at_1': datetime.datetime(2025, 4, 14, 20, 47, 44, 92519)}
2025-05-15 02:17:44,293 - sqlalchemy.engine.Engine - INFO - SELECT habits.id AS habits_id, habits.user_id AS habits_user_id, habits.name AS habits_name, habits.description AS habits_description, habits.frequency AS habits_frequency, habits.created_at AS habits_created_at 
FROM habits 
WHERE habits.user_id = %(user_id_1)s
2025-05-15 02:17:44,294 - sqlalchemy.engine.Engine - INFO - [generated in 0.00061s] {'user_id_1': 15}
2025-05-15 02:17:44,383 - sqlalchemy.engine.Engine - INFO - SELECT habit_logs.id AS habit_logs_id, habit_logs.habit_id AS habit_logs_habit_id, habit_logs.completed_at AS habit_logs_completed_at, habit_logs.notes AS habit_logs_notes 
FROM habit_logs 
WHERE habit_logs.habit_id IN (%(habit_id_1_1)s) AND habit_logs.completed_at >= %(completed_at_1)s
2025-05-15 02:17:44,383 - sqlalchemy.engine.Engine - INFO - [generated in 0.00054s] {'completed_at_1': datetime.datetime(2025, 4, 14, 20, 47, 44, 92519), 'habit_id_1_1': 1}
2025-05-15 02:17:44,453 - sqlalchemy.engine.Engine - INFO - SELECT goals.id AS goals_id, goals.user_id AS goals_user_id, goals.title AS goals_title, goals.description AS goals_description, goals.due_date AS goals_due_date, goals.status AS goals_status, goals.created_at AS goals_created_at, goals.updated_at AS goals_updated_at 
FROM goals 
WHERE goals.user_id = %(user_id_1)s AND goals.created_at >= %(created_at_1)s
2025-05-15 02:17:44,453 - sqlalchemy.engine.Engine - INFO - [generated in 0.00049s] {'user_id_1': 15, 'created_at_1': datetime.datetime(2025, 4, 14, 20, 47, 44, 92519)}
2025-05-15 02:17:44,520 - sqlalchemy.engine.Engine - INFO - ROLLBACK
2025-05-15 02:17:59,323 - sqlalchemy.engine.Engine - INFO - BEGIN (implicit)
2025-05-15 02:17:59,324 - sqlalchemy.engine.Engine - INFO - SELECT anon_1.users_id AS anon_1_users_id, anon_1.users_email AS anon_1_users_email, anon_1.users_user_name AS anon_1_users_user_name, anon_1.users_password AS anon_1_users_password, anon_1.users_first_name AS anon_1_users_first_name, anon_1.users_last_name AS anon_1_users_last_name, anon_1.users_department AS anon_1_users_department, anon_1.users_tech_stack AS anon_1_users_tech_stack, anon_1.users_profile_photo_url AS anon_1_users_profile_photo_url, anon_1.users_active AS anon_1_users_active, anon_1.users_wallet_balance AS anon_1_users_wallet_balance, anon_1.users_last_login AS anon_1_users_last_login, roles_1.id AS roles_1_id, roles_1.role_name AS roles_1_role_name 
FROM (SELECT users.id AS users_id, users.email AS users_email, users.user_name AS users_user_name, users.password AS users_password, users.first_name AS users_first_name, users.last_name AS users_last_name, users.department AS users_department, users.tech_stack AS users_tech_stack, users.profile_photo_url AS users_profile_photo_url, users.active AS users_active, users.wallet_balance AS users_wallet_balance, users.last_login AS users_last_login 
FROM users 
WHERE users.email = %(email_1)s 
 LIMIT %(param_1)s) AS anon_1 LEFT OUTER JOIN (user_roles AS user_roles_1 JOIN roles AS roles_1 ON roles_1.id = user_roles_1.role_id) ON anon_1.users_id = user_roles_1.user_id
2025-05-15 02:17:59,324 - sqlalchemy.engine.Engine - INFO - [cached since 34.58s ago] {'email_1': 'shreyas', 'param_1': 1}
2025-05-15 02:17:59,457 - sqlalchemy.engine.Engine - INFO - SELECT anon_1.users_id AS anon_1_users_id, anon_1.users_email AS anon_1_users_email, anon_1.users_user_name AS anon_1_users_user_name, anon_1.users_password AS anon_1_users_password, anon_1.users_first_name AS anon_1_users_first_name, anon_1.users_last_name AS anon_1_users_last_name, anon_1.users_department AS anon_1_users_department, anon_1.users_tech_stack AS anon_1_users_tech_stack, anon_1.users_profile_photo_url AS anon_1_users_profile_photo_url, anon_1.users_active AS anon_1_users_active, anon_1.users_wallet_balance AS anon_1_users_wallet_balance, anon_1.users_last_login AS anon_1_users_last_login, roles_1.id AS roles_1_id, roles_1.role_name AS roles_1_role_name 
FROM (SELECT users.id AS users_id, users.email AS users_email, users.user_name AS users_user_name, users.password AS users_password, users.first_name AS users_first_name, users.last_name AS users_last_name, users.department AS users_department, users.tech_stack AS users_tech_stack, users.profile_photo_url AS users_profile_photo_url, users.active AS users_active, users.wallet_balance AS users_wallet_balance, users.last_login AS users_last_login 
FROM users 
WHERE users.user_name = %(user_name_1)s 
 LIMIT %(param_1)s) AS anon_1 LEFT OUTER JOIN (user_roles AS user_roles_1 JOIN roles AS roles_1 ON roles_1.id = user_roles_1.role_id) ON anon_1.users_id = user_roles_1.user_id
2025-05-15 02:17:59,457 - sqlalchemy.engine.Engine - INFO - [cached since 34.58s ago] {'user_name_1': 'shreyas', 'param_1': 1}
2025-05-15 02:17:59,524 - sqlalchemy.engine.Engine - INFO - SELECT roles.id AS roles_id, roles.role_name AS roles_role_name 
FROM roles 
WHERE roles.role_name = %(role_name_1)s 
 LIMIT %(param_1)s
2025-05-15 02:17:59,524 - sqlalchemy.engine.Engine - INFO - [cached since 34.58s ago] {'role_name_1': 'ROLE_ADMIN', 'param_1': 1}
2025-05-15 02:17:59,591 - sqlalchemy.engine.Engine - INFO - UPDATE users SET last_login=%(last_login)s WHERE users.id = %(users_id)s
2025-05-15 02:17:59,591 - sqlalchemy.engine.Engine - INFO - [cached since 34.57s ago] {'last_login': datetime.datetime(2025, 5, 14, 20, 47, 59, 523773), 'users_id': 15}
2025-05-15 02:17:59,656 - sqlalchemy.engine.Engine - INFO - COMMIT
2025-05-15 02:17:59,727 - sqlalchemy.engine.Engine - INFO - BEGIN (implicit)
2025-05-15 02:17:59,727 - sqlalchemy.engine.Engine - INFO - SELECT users.id AS users_id, users.email AS users_email, users.user_name AS users_user_name, users.password AS users_password, users.first_name AS users_first_name, users.last_name AS users_last_name, users.department AS users_department, users.tech_stack AS users_tech_stack, users.profile_photo_url AS users_profile_photo_url, users.active AS users_active, users.wallet_balance AS users_wallet_balance, users.last_login AS users_last_login, roles_1.id AS roles_1_id, roles_1.role_name AS roles_1_role_name 
FROM users LEFT OUTER JOIN (user_roles AS user_roles_1 JOIN roles AS roles_1 ON roles_1.id = user_roles_1.role_id) ON users.id = user_roles_1.user_id 
WHERE users.id = %(pk_1)s
2025-05-15 02:17:59,728 - sqlalchemy.engine.Engine - INFO - [cached since 34.57s ago] {'pk_1': 15}
2025-05-15 02:17:59,859 - sqlalchemy.engine.Engine - INFO - SELECT journal_entries.id AS journal_entries_id, journal_entries.user_id AS journal_entries_user_id, journal_entries.content AS journal_entries_content, journal_entries.sentiment_score AS journal_entries_sentiment_score, journal_entries.sentiment_label AS journal_entries_sentiment_label, journal_entries.created_at AS journal_entries_created_at, journal_entries.updated_at AS journal_entries_updated_at 
FROM journal_entries 
WHERE journal_entries.user_id = %(user_id_1)s AND journal_entries.created_at >= %(created_at_1)s
2025-05-15 02:17:59,859 - sqlalchemy.engine.Engine - INFO - [cached since 15.63s ago] {'user_id_1': 15, 'created_at_1': datetime.datetime(2025, 4, 14, 20, 47, 59, 726965)}
2025-05-15 02:17:59,927 - sqlalchemy.engine.Engine - INFO - ROLLBACK
2025-05-15 12:20:04,800 - root - INFO - Shutting down Journal API
2025-05-15 12:20:28,738 - sqlalchemy.engine.Engine - INFO - select pg_catalog.version()
2025-05-15 12:20:28,739 - sqlalchemy.engine.Engine - INFO - [raw sql] {}
2025-05-15 12:20:28,855 - sqlalchemy.engine.Engine - INFO - select current_schema()
2025-05-15 12:20:28,855 - sqlalchemy.engine.Engine - INFO - [raw sql] {}
2025-05-15 12:20:29,008 - sqlalchemy.engine.Engine - INFO - show standard_conforming_strings
2025-05-15 12:20:29,008 - sqlalchemy.engine.Engine - INFO - [raw sql] {}
2025-05-15 12:20:29,114 - sqlalchemy.engine.Engine - INFO - BEGIN (implicit)
2025-05-15 12:20:29,122 - sqlalchemy.engine.Engine - INFO - SELECT pg_catalog.pg_class.relname 
FROM pg_catalog.pg_class JOIN pg_catalog.pg_namespace ON pg_catalog.pg_namespace.oid = pg_catalog.pg_class.relnamespace 
WHERE pg_catalog.pg_class.relname = %(table_name)s AND pg_catalog.pg_class.relkind = ANY (ARRAY[%(param_1)s, %(param_2)s, %(param_3)s, %(param_4)s, %(param_5)s]) AND pg_catalog.pg_table_is_visible(pg_catalog.pg_class.oid) AND pg_catalog.pg_namespace.nspname != %(nspname_1)s
2025-05-15 12:20:29,123 - sqlalchemy.engine.Engine - INFO - [generated in 0.00089s] {'table_name': 'user_roles', 'param_1': 'r', 'param_2': 'p', 'param_3': 'f', 'param_4': 'v', 'param_5': 'm', 'nspname_1': 'pg_catalog'}
2025-05-15 12:20:29,249 - sqlalchemy.engine.Engine - INFO - SELECT pg_catalog.pg_class.relname 
FROM pg_catalog.pg_class JOIN pg_catalog.pg_namespace ON pg_catalog.pg_namespace.oid = pg_catalog.pg_class.relnamespace 
WHERE pg_catalog.pg_class.relname = %(table_name)s AND pg_catalog.pg_class.relkind = ANY (ARRAY[%(param_1)s, %(param_2)s, %(param_3)s, %(param_4)s, %(param_5)s]) AND pg_catalog.pg_table_is_visible(pg_catalog.pg_class.oid) AND pg_catalog.pg_namespace.nspname != %(nspname_1)s
2025-05-15 12:20:29,249 - sqlalchemy.engine.Engine - INFO - [cached since 0.1272s ago] {'table_name': 'roles', 'param_1': 'r', 'param_2': 'p', 'param_3': 'f', 'param_4': 'v', 'param_5': 'm', 'nspname_1': 'pg_catalog'}
2025-05-15 12:20:29,319 - sqlalchemy.engine.Engine - INFO - SELECT pg_catalog.pg_class.relname 
FROM pg_catalog.pg_class JOIN pg_catalog.pg_namespace ON pg_catalog.pg_namespace.oid = pg_catalog.pg_class.relnamespace 
WHERE pg_catalog.pg_class.relname = %(table_name)s AND pg_catalog.pg_class.relkind = ANY (ARRAY[%(param_1)s, %(param_2)s, %(param_3)s, %(param_4)s, %(param_5)s]) AND pg_catalog.pg_table_is_visible(pg_catalog.pg_class.oid) AND pg_catalog.pg_namespace.nspname != %(nspname_1)s
2025-05-15 12:20:29,320 - sqlalchemy.engine.Engine - INFO - [cached since 0.198s ago] {'table_name': 'users', 'param_1': 'r', 'param_2': 'p', 'param_3': 'f', 'param_4': 'v', 'param_5': 'm', 'nspname_1': 'pg_catalog'}
2025-05-15 12:20:29,377 - sqlalchemy.engine.Engine - INFO - SELECT pg_catalog.pg_class.relname 
FROM pg_catalog.pg_class JOIN pg_catalog.pg_namespace ON pg_catalog.pg_namespace.oid = pg_catalog.pg_class.relnamespace 
WHERE pg_catalog.pg_class.relname = %(table_name)s AND pg_catalog.pg_class.relkind = ANY (ARRAY[%(param_1)s, %(param_2)s, %(param_3)s, %(param_4)s, %(param_5)s]) AND pg_catalog.pg_table_is_visible(pg_catalog.pg_class.oid) AND pg_catalog.pg_namespace.nspname != %(nspname_1)s
2025-05-15 12:20:29,378 - sqlalchemy.engine.Engine - INFO - [cached since 0.2559s ago] {'table_name': 'journal_entries', 'param_1': 'r', 'param_2': 'p', 'param_3': 'f', 'param_4': 'v', 'param_5': 'm', 'nspname_1': 'pg_catalog'}
2025-05-15 12:20:29,432 - sqlalchemy.engine.Engine - INFO - SELECT pg_catalog.pg_class.relname 
FROM pg_catalog.pg_class JOIN pg_catalog.pg_namespace ON pg_catalog.pg_namespace.oid = pg_catalog.pg_class.relnamespace 
WHERE pg_catalog.pg_class.relname = %(table_name)s AND pg_catalog.pg_class.relkind = ANY (ARRAY[%(param_1)s, %(param_2)s, %(param_3)s, %(param_4)s, %(param_5)s]) AND pg_catalog.pg_table_is_visible(pg_catalog.pg_class.oid) AND pg_catalog.pg_namespace.nspname != %(nspname_1)s
2025-05-15 12:20:29,433 - sqlalchemy.engine.Engine - INFO - [cached since 0.3109s ago] {'table_name': 'habits', 'param_1': 'r', 'param_2': 'p', 'param_3': 'f', 'param_4': 'v', 'param_5': 'm', 'nspname_1': 'pg_catalog'}
2025-05-15 12:20:29,492 - sqlalchemy.engine.Engine - INFO - SELECT pg_catalog.pg_class.relname 
FROM pg_catalog.pg_class JOIN pg_catalog.pg_namespace ON pg_catalog.pg_namespace.oid = pg_catalog.pg_class.relnamespace 
WHERE pg_catalog.pg_class.relname = %(table_name)s AND pg_catalog.pg_class.relkind = ANY (ARRAY[%(param_1)s, %(param_2)s, %(param_3)s, %(param_4)s, %(param_5)s]) AND pg_catalog.pg_table_is_visible(pg_catalog.pg_class.oid) AND pg_catalog.pg_namespace.nspname != %(nspname_1)s
2025-05-15 12:20:29,493 - sqlalchemy.engine.Engine - INFO - [cached since 0.371s ago] {'table_name': 'habit_logs', 'param_1': 'r', 'param_2': 'p', 'param_3': 'f', 'param_4': 'v', 'param_5': 'm', 'nspname_1': 'pg_catalog'}
2025-05-15 12:20:29,566 - sqlalchemy.engine.Engine - INFO - SELECT pg_catalog.pg_class.relname 
FROM pg_catalog.pg_class JOIN pg_catalog.pg_namespace ON pg_catalog.pg_namespace.oid = pg_catalog.pg_class.relnamespace 
WHERE pg_catalog.pg_class.relname = %(table_name)s AND pg_catalog.pg_class.relkind = ANY (ARRAY[%(param_1)s, %(param_2)s, %(param_3)s, %(param_4)s, %(param_5)s]) AND pg_catalog.pg_table_is_visible(pg_catalog.pg_class.oid) AND pg_catalog.pg_namespace.nspname != %(nspname_1)s
2025-05-15 12:20:29,567 - sqlalchemy.engine.Engine - INFO - [cached since 0.4447s ago] {'table_name': 'goals', 'param_1': 'r', 'param_2': 'p', 'param_3': 'f', 'param_4': 'v', 'param_5': 'm', 'nspname_1': 'pg_catalog'}
2025-05-15 12:20:29,623 - sqlalchemy.engine.Engine - INFO - COMMIT
2025-05-15 12:20:29,691 - root - INFO - Database tables created successfully
2025-05-15 12:20:29,727 - root - INFO - Starting up Journal API
2025-05-15 12:20:29,728 - root - ERROR - Database connection test failed: Not an executable object: 'SELECT 1'
2025-05-15 12:20:29,785 - root - DEBUG - Stack trace: Traceback (most recent call last):
  File "C:\Users\kanaka\AppData\Local\Programs\Python\Python313\Lib\site-packages\sqlalchemy\engine\base.py", line 1411, in execute
    meth = statement._execute_on_connection
           ^^^^^^^^^^^^^^^^^^^^^^^^^^^^^^^^
AttributeError: 'str' object has no attribute '_execute_on_connection'

The above exception was the direct cause of the following exception:

Traceback (most recent call last):
  File "C:\Users\kanaka\Documents\kannect\kannect-journal-service\app\main.py", line 58, in startup_event
    conn.execute("SELECT 1")
    ~~~~~~~~~~~~^^^^^^^^^^^^
  File "C:\Users\kanaka\AppData\Local\Programs\Python\Python313\Lib\site-packages\sqlalchemy\engine\base.py", line 1413, in execute
    raise exc.ObjectNotExecutableError(statement) from err
sqlalchemy.exc.ObjectNotExecutableError: Not an executable object: 'SELECT 1'

2025-05-15 12:27:04,826 - sqlalchemy.engine.Engine - INFO - BEGIN (implicit)
2025-05-15 12:27:04,834 - sqlalchemy.engine.Engine - INFO - SELECT anon_1.users_id AS anon_1_users_id, anon_1.users_email AS anon_1_users_email, anon_1.users_user_name AS anon_1_users_user_name, anon_1.users_password AS anon_1_users_password, anon_1.users_first_name AS anon_1_users_first_name, anon_1.users_last_name AS anon_1_users_last_name, anon_1.users_department AS anon_1_users_department, anon_1.users_tech_stack AS anon_1_users_tech_stack, anon_1.users_profile_photo_url AS anon_1_users_profile_photo_url, anon_1.users_active AS anon_1_users_active, anon_1.users_wallet_balance AS anon_1_users_wallet_balance, anon_1.users_last_login AS anon_1_users_last_login, roles_1.id AS roles_1_id, roles_1.role_name AS roles_1_role_name 
FROM (SELECT users.id AS users_id, users.email AS users_email, users.user_name AS users_user_name, users.password AS users_password, users.first_name AS users_first_name, users.last_name AS users_last_name, users.department AS users_department, users.tech_stack AS users_tech_stack, users.profile_photo_url AS users_profile_photo_url, users.active AS users_active, users.wallet_balance AS users_wallet_balance, users.last_login AS users_last_login 
FROM users 
WHERE users.email = %(email_1)s 
 LIMIT %(param_1)s) AS anon_1 LEFT OUTER JOIN (user_roles AS user_roles_1 JOIN roles AS roles_1 ON roles_1.id = user_roles_1.role_id) ON anon_1.users_id = user_roles_1.user_id
2025-05-15 12:27:04,835 - sqlalchemy.engine.Engine - INFO - [generated in 0.00088s] {'email_1': 'shreyas', 'param_1': 1}
2025-05-15 12:27:04,959 - sqlalchemy.engine.Engine - INFO - SELECT anon_1.users_id AS anon_1_users_id, anon_1.users_email AS anon_1_users_email, anon_1.users_user_name AS anon_1_users_user_name, anon_1.users_password AS anon_1_users_password, anon_1.users_first_name AS anon_1_users_first_name, anon_1.users_last_name AS anon_1_users_last_name, anon_1.users_department AS anon_1_users_department, anon_1.users_tech_stack AS anon_1_users_tech_stack, anon_1.users_profile_photo_url AS anon_1_users_profile_photo_url, anon_1.users_active AS anon_1_users_active, anon_1.users_wallet_balance AS anon_1_users_wallet_balance, anon_1.users_last_login AS anon_1_users_last_login, roles_1.id AS roles_1_id, roles_1.role_name AS roles_1_role_name 
FROM (SELECT users.id AS users_id, users.email AS users_email, users.user_name AS users_user_name, users.password AS users_password, users.first_name AS users_first_name, users.last_name AS users_last_name, users.department AS users_department, users.tech_stack AS users_tech_stack, users.profile_photo_url AS users_profile_photo_url, users.active AS users_active, users.wallet_balance AS users_wallet_balance, users.last_login AS users_last_login 
FROM users 
WHERE users.user_name = %(user_name_1)s 
 LIMIT %(param_1)s) AS anon_1 LEFT OUTER JOIN (user_roles AS user_roles_1 JOIN roles AS roles_1 ON roles_1.id = user_roles_1.role_id) ON anon_1.users_id = user_roles_1.user_id
2025-05-15 12:27:04,960 - sqlalchemy.engine.Engine - INFO - [generated in 0.00144s] {'user_name_1': 'shreyas', 'param_1': 1}
2025-05-15 12:27:05,040 - sqlalchemy.engine.Engine - INFO - SELECT roles.id AS roles_id, roles.role_name AS roles_role_name 
FROM roles 
WHERE roles.role_name = %(role_name_1)s 
 LIMIT %(param_1)s
2025-05-15 12:27:05,041 - sqlalchemy.engine.Engine - INFO - [generated in 0.00095s] {'role_name_1': 'ROLE_ADMIN', 'param_1': 1}
2025-05-15 12:27:05,099 - sqlalchemy.engine.Engine - INFO - UPDATE users SET last_login=%(last_login)s WHERE users.id = %(users_id)s
2025-05-15 12:27:05,100 - sqlalchemy.engine.Engine - INFO - [generated in 0.00071s] {'last_login': datetime.datetime(2025, 5, 15, 6, 57, 5, 38163), 'users_id': 15}
2025-05-15 12:27:05,154 - sqlalchemy.engine.Engine - INFO - COMMIT
2025-05-15 12:27:05,211 - sqlalchemy.engine.Engine - INFO - BEGIN (implicit)
2025-05-15 12:27:05,215 - sqlalchemy.engine.Engine - INFO - SELECT users.id AS users_id, users.email AS users_email, users.user_name AS users_user_name, users.password AS users_password, users.first_name AS users_first_name, users.last_name AS users_last_name, users.department AS users_department, users.tech_stack AS users_tech_stack, users.profile_photo_url AS users_profile_photo_url, users.active AS users_active, users.wallet_balance AS users_wallet_balance, users.last_login AS users_last_login, roles_1.id AS roles_1_id, roles_1.role_name AS roles_1_role_name 
FROM users LEFT OUTER JOIN (user_roles AS user_roles_1 JOIN roles AS roles_1 ON roles_1.id = user_roles_1.role_id) ON users.id = user_roles_1.user_id 
WHERE users.id = %(pk_1)s
2025-05-15 12:27:05,216 - sqlalchemy.engine.Engine - INFO - [generated in 0.00067s] {'pk_1': 15}
2025-05-15 12:27:05,330 - app.services.journal - INFO - Fetching journal entries for user 15 (skip=0, limit=100)
2025-05-15 12:27:05,335 - sqlalchemy.engine.Engine - INFO - SELECT journal_entries.id AS journal_entries_id, journal_entries.user_id AS journal_entries_user_id, journal_entries.content AS journal_entries_content, journal_entries.sentiment_score AS journal_entries_sentiment_score, journal_entries.sentiment_label AS journal_entries_sentiment_label, journal_entries.created_at AS journal_entries_created_at, journal_entries.updated_at AS journal_entries_updated_at 
FROM journal_entries 
WHERE journal_entries.user_id = %(user_id_1)s ORDER BY journal_entries.created_at DESC 
 LIMIT %(param_1)s OFFSET %(param_2)s
2025-05-15 12:27:05,336 - sqlalchemy.engine.Engine - INFO - [generated in 0.00069s] {'user_id_1': 15, 'param_1': 100, 'param_2': 0}
2025-05-15 12:27:05,398 - app.services.journal - INFO - Found 1 journal entries
2025-05-15 12:27:05,400 - sqlalchemy.engine.Engine - INFO - ROLLBACK
2025-05-15 12:28:27,390 - sqlalchemy.engine.Engine - INFO - BEGIN (implicit)
2025-05-15 12:28:27,391 - sqlalchemy.engine.Engine - INFO - SELECT anon_1.users_id AS anon_1_users_id, anon_1.users_email AS anon_1_users_email, anon_1.users_user_name AS anon_1_users_user_name, anon_1.users_password AS anon_1_users_password, anon_1.users_first_name AS anon_1_users_first_name, anon_1.users_last_name AS anon_1_users_last_name, anon_1.users_department AS anon_1_users_department, anon_1.users_tech_stack AS anon_1_users_tech_stack, anon_1.users_profile_photo_url AS anon_1_users_profile_photo_url, anon_1.users_active AS anon_1_users_active, anon_1.users_wallet_balance AS anon_1_users_wallet_balance, anon_1.users_last_login AS anon_1_users_last_login, roles_1.id AS roles_1_id, roles_1.role_name AS roles_1_role_name 
FROM (SELECT users.id AS users_id, users.email AS users_email, users.user_name AS users_user_name, users.password AS users_password, users.first_name AS users_first_name, users.last_name AS users_last_name, users.department AS users_department, users.tech_stack AS users_tech_stack, users.profile_photo_url AS users_profile_photo_url, users.active AS users_active, users.wallet_balance AS users_wallet_balance, users.last_login AS users_last_login 
FROM users 
WHERE users.email = %(email_1)s 
 LIMIT %(param_1)s) AS anon_1 LEFT OUTER JOIN (user_roles AS user_roles_1 JOIN roles AS roles_1 ON roles_1.id = user_roles_1.role_id) ON anon_1.users_id = user_roles_1.user_id
2025-05-15 12:28:27,391 - sqlalchemy.engine.Engine - INFO - [cached since 82.56s ago] {'email_1': 'shreyas', 'param_1': 1}
2025-05-15 12:28:27,512 - sqlalchemy.engine.Engine - INFO - SELECT anon_1.users_id AS anon_1_users_id, anon_1.users_email AS anon_1_users_email, anon_1.users_user_name AS anon_1_users_user_name, anon_1.users_password AS anon_1_users_password, anon_1.users_first_name AS anon_1_users_first_name, anon_1.users_last_name AS anon_1_users_last_name, anon_1.users_department AS anon_1_users_department, anon_1.users_tech_stack AS anon_1_users_tech_stack, anon_1.users_profile_photo_url AS anon_1_users_profile_photo_url, anon_1.users_active AS anon_1_users_active, anon_1.users_wallet_balance AS anon_1_users_wallet_balance, anon_1.users_last_login AS anon_1_users_last_login, roles_1.id AS roles_1_id, roles_1.role_name AS roles_1_role_name 
FROM (SELECT users.id AS users_id, users.email AS users_email, users.user_name AS users_user_name, users.password AS users_password, users.first_name AS users_first_name, users.last_name AS users_last_name, users.department AS users_department, users.tech_stack AS users_tech_stack, users.profile_photo_url AS users_profile_photo_url, users.active AS users_active, users.wallet_balance AS users_wallet_balance, users.last_login AS users_last_login 
FROM users 
WHERE users.user_name = %(user_name_1)s 
 LIMIT %(param_1)s) AS anon_1 LEFT OUTER JOIN (user_roles AS user_roles_1 JOIN roles AS roles_1 ON roles_1.id = user_roles_1.role_id) ON anon_1.users_id = user_roles_1.user_id
2025-05-15 12:28:27,512 - sqlalchemy.engine.Engine - INFO - [cached since 82.55s ago] {'user_name_1': 'shreyas', 'param_1': 1}
2025-05-15 12:28:27,581 - sqlalchemy.engine.Engine - INFO - SELECT roles.id AS roles_id, roles.role_name AS roles_role_name 
FROM roles 
WHERE roles.role_name = %(role_name_1)s 
 LIMIT %(param_1)s
2025-05-15 12:28:27,581 - sqlalchemy.engine.Engine - INFO - [cached since 82.54s ago] {'role_name_1': 'ROLE_ADMIN', 'param_1': 1}
2025-05-15 12:28:27,643 - sqlalchemy.engine.Engine - INFO - UPDATE users SET last_login=%(last_login)s WHERE users.id = %(users_id)s
2025-05-15 12:28:27,643 - sqlalchemy.engine.Engine - INFO - [cached since 82.54s ago] {'last_login': datetime.datetime(2025, 5, 15, 6, 58, 27, 580698), 'users_id': 15}
2025-05-15 12:28:27,702 - sqlalchemy.engine.Engine - INFO - COMMIT
2025-05-15 12:28:27,761 - sqlalchemy.engine.Engine - INFO - BEGIN (implicit)
2025-05-15 12:28:27,762 - sqlalchemy.engine.Engine - INFO - SELECT users.id AS users_id, users.email AS users_email, users.user_name AS users_user_name, users.password AS users_password, users.first_name AS users_first_name, users.last_name AS users_last_name, users.department AS users_department, users.tech_stack AS users_tech_stack, users.profile_photo_url AS users_profile_photo_url, users.active AS users_active, users.wallet_balance AS users_wallet_balance, users.last_login AS users_last_login, roles_1.id AS roles_1_id, roles_1.role_name AS roles_1_role_name 
FROM users LEFT OUTER JOIN (user_roles AS user_roles_1 JOIN roles AS roles_1 ON roles_1.id = user_roles_1.role_id) ON users.id = user_roles_1.user_id 
WHERE users.id = %(pk_1)s
2025-05-15 12:28:27,763 - sqlalchemy.engine.Engine - INFO - [cached since 82.55s ago] {'pk_1': 15}
2025-05-15 12:28:27,877 - sqlalchemy.engine.Engine - INFO - SELECT habits.id AS habits_id, habits.user_id AS habits_user_id, habits.name AS habits_name, habits.description AS habits_description, habits.frequency AS habits_frequency, habits.created_at AS habits_created_at 
FROM habits 
WHERE habits.user_id = %(user_id_1)s 
 LIMIT %(param_1)s OFFSET %(param_2)s
2025-05-15 12:28:27,878 - sqlalchemy.engine.Engine - INFO - [generated in 0.00076s] {'user_id_1': 15, 'param_1': 100, 'param_2': 0}
2025-05-15 12:28:27,932 - sqlalchemy.engine.Engine - INFO - ROLLBACK
2025-05-15 12:28:43,626 - sqlalchemy.engine.Engine - INFO - BEGIN (implicit)
2025-05-15 12:28:43,627 - sqlalchemy.engine.Engine - INFO - SELECT anon_1.users_id AS anon_1_users_id, anon_1.users_email AS anon_1_users_email, anon_1.users_user_name AS anon_1_users_user_name, anon_1.users_password AS anon_1_users_password, anon_1.users_first_name AS anon_1_users_first_name, anon_1.users_last_name AS anon_1_users_last_name, anon_1.users_department AS anon_1_users_department, anon_1.users_tech_stack AS anon_1_users_tech_stack, anon_1.users_profile_photo_url AS anon_1_users_profile_photo_url, anon_1.users_active AS anon_1_users_active, anon_1.users_wallet_balance AS anon_1_users_wallet_balance, anon_1.users_last_login AS anon_1_users_last_login, roles_1.id AS roles_1_id, roles_1.role_name AS roles_1_role_name 
FROM (SELECT users.id AS users_id, users.email AS users_email, users.user_name AS users_user_name, users.password AS users_password, users.first_name AS users_first_name, users.last_name AS users_last_name, users.department AS users_department, users.tech_stack AS users_tech_stack, users.profile_photo_url AS users_profile_photo_url, users.active AS users_active, users.wallet_balance AS users_wallet_balance, users.last_login AS users_last_login 
FROM users 
WHERE users.email = %(email_1)s 
 LIMIT %(param_1)s) AS anon_1 LEFT OUTER JOIN (user_roles AS user_roles_1 JOIN roles AS roles_1 ON roles_1.id = user_roles_1.role_id) ON anon_1.users_id = user_roles_1.user_id
2025-05-15 12:28:43,628 - sqlalchemy.engine.Engine - INFO - [cached since 98.79s ago] {'email_1': 'shreyas', 'param_1': 1}
2025-05-15 12:28:43,741 - sqlalchemy.engine.Engine - INFO - SELECT anon_1.users_id AS anon_1_users_id, anon_1.users_email AS anon_1_users_email, anon_1.users_user_name AS anon_1_users_user_name, anon_1.users_password AS anon_1_users_password, anon_1.users_first_name AS anon_1_users_first_name, anon_1.users_last_name AS anon_1_users_last_name, anon_1.users_department AS anon_1_users_department, anon_1.users_tech_stack AS anon_1_users_tech_stack, anon_1.users_profile_photo_url AS anon_1_users_profile_photo_url, anon_1.users_active AS anon_1_users_active, anon_1.users_wallet_balance AS anon_1_users_wallet_balance, anon_1.users_last_login AS anon_1_users_last_login, roles_1.id AS roles_1_id, roles_1.role_name AS roles_1_role_name 
FROM (SELECT users.id AS users_id, users.email AS users_email, users.user_name AS users_user_name, users.password AS users_password, users.first_name AS users_first_name, users.last_name AS users_last_name, users.department AS users_department, users.tech_stack AS users_tech_stack, users.profile_photo_url AS users_profile_photo_url, users.active AS users_active, users.wallet_balance AS users_wallet_balance, users.last_login AS users_last_login 
FROM users 
WHERE users.user_name = %(user_name_1)s 
 LIMIT %(param_1)s) AS anon_1 LEFT OUTER JOIN (user_roles AS user_roles_1 JOIN roles AS roles_1 ON roles_1.id = user_roles_1.role_id) ON anon_1.users_id = user_roles_1.user_id
2025-05-15 12:28:43,742 - sqlalchemy.engine.Engine - INFO - [cached since 98.78s ago] {'user_name_1': 'shreyas', 'param_1': 1}
2025-05-15 12:28:43,801 - sqlalchemy.engine.Engine - INFO - SELECT roles.id AS roles_id, roles.role_name AS roles_role_name 
FROM roles 
WHERE roles.role_name = %(role_name_1)s 
 LIMIT %(param_1)s
2025-05-15 12:28:43,802 - sqlalchemy.engine.Engine - INFO - [cached since 98.76s ago] {'role_name_1': 'ROLE_ADMIN', 'param_1': 1}
2025-05-15 12:28:43,860 - sqlalchemy.engine.Engine - INFO - UPDATE users SET last_login=%(last_login)s WHERE users.id = %(users_id)s
2025-05-15 12:28:43,861 - sqlalchemy.engine.Engine - INFO - [cached since 98.76s ago] {'last_login': datetime.datetime(2025, 5, 15, 6, 58, 43, 801109), 'users_id': 15}
2025-05-15 12:28:43,917 - sqlalchemy.engine.Engine - INFO - COMMIT
2025-05-15 12:28:43,974 - sqlalchemy.engine.Engine - INFO - BEGIN (implicit)
2025-05-15 12:28:43,975 - sqlalchemy.engine.Engine - INFO - SELECT users.id AS users_id, users.email AS users_email, users.user_name AS users_user_name, users.password AS users_password, users.first_name AS users_first_name, users.last_name AS users_last_name, users.department AS users_department, users.tech_stack AS users_tech_stack, users.profile_photo_url AS users_profile_photo_url, users.active AS users_active, users.wallet_balance AS users_wallet_balance, users.last_login AS users_last_login, roles_1.id AS roles_1_id, roles_1.role_name AS roles_1_role_name 
FROM users LEFT OUTER JOIN (user_roles AS user_roles_1 JOIN roles AS roles_1 ON roles_1.id = user_roles_1.role_id) ON users.id = user_roles_1.user_id 
WHERE users.id = %(pk_1)s
2025-05-15 12:28:43,976 - sqlalchemy.engine.Engine - INFO - [cached since 98.76s ago] {'pk_1': 15}
2025-05-15 12:28:44,085 - sqlalchemy.engine.Engine - INFO - SELECT goals.id AS goals_id, goals.user_id AS goals_user_id, goals.title AS goals_title, goals.description AS goals_description, goals.due_date AS goals_due_date, goals.status AS goals_status, goals.created_at AS goals_created_at, goals.updated_at AS goals_updated_at 
FROM goals 
WHERE goals.user_id = %(user_id_1)s 
 LIMIT %(param_1)s OFFSET %(param_2)s
2025-05-15 12:28:44,086 - sqlalchemy.engine.Engine - INFO - [generated in 0.00064s] {'user_id_1': 15, 'param_1': 100, 'param_2': 0}
2025-05-15 12:28:44,139 - sqlalchemy.engine.Engine - INFO - ROLLBACK
2025-05-15 12:29:01,299 - sqlalchemy.engine.Engine - INFO - BEGIN (implicit)
2025-05-15 12:29:01,300 - sqlalchemy.engine.Engine - INFO - SELECT anon_1.users_id AS anon_1_users_id, anon_1.users_email AS anon_1_users_email, anon_1.users_user_name AS anon_1_users_user_name, anon_1.users_password AS anon_1_users_password, anon_1.users_first_name AS anon_1_users_first_name, anon_1.users_last_name AS anon_1_users_last_name, anon_1.users_department AS anon_1_users_department, anon_1.users_tech_stack AS anon_1_users_tech_stack, anon_1.users_profile_photo_url AS anon_1_users_profile_photo_url, anon_1.users_active AS anon_1_users_active, anon_1.users_wallet_balance AS anon_1_users_wallet_balance, anon_1.users_last_login AS anon_1_users_last_login, roles_1.id AS roles_1_id, roles_1.role_name AS roles_1_role_name 
FROM (SELECT users.id AS users_id, users.email AS users_email, users.user_name AS users_user_name, users.password AS users_password, users.first_name AS users_first_name, users.last_name AS users_last_name, users.department AS users_department, users.tech_stack AS users_tech_stack, users.profile_photo_url AS users_profile_photo_url, users.active AS users_active, users.wallet_balance AS users_wallet_balance, users.last_login AS users_last_login 
FROM users 
WHERE users.email = %(email_1)s 
 LIMIT %(param_1)s) AS anon_1 LEFT OUTER JOIN (user_roles AS user_roles_1 JOIN roles AS roles_1 ON roles_1.id = user_roles_1.role_id) ON anon_1.users_id = user_roles_1.user_id
2025-05-15 12:29:01,301 - sqlalchemy.engine.Engine - INFO - [cached since 116.5s ago] {'email_1': 'shreyas', 'param_1': 1}
2025-05-15 12:29:01,461 - sqlalchemy.engine.Engine - INFO - SELECT anon_1.users_id AS anon_1_users_id, anon_1.users_email AS anon_1_users_email, anon_1.users_user_name AS anon_1_users_user_name, anon_1.users_password AS anon_1_users_password, anon_1.users_first_name AS anon_1_users_first_name, anon_1.users_last_name AS anon_1_users_last_name, anon_1.users_department AS anon_1_users_department, anon_1.users_tech_stack AS anon_1_users_tech_stack, anon_1.users_profile_photo_url AS anon_1_users_profile_photo_url, anon_1.users_active AS anon_1_users_active, anon_1.users_wallet_balance AS anon_1_users_wallet_balance, anon_1.users_last_login AS anon_1_users_last_login, roles_1.id AS roles_1_id, roles_1.role_name AS roles_1_role_name 
FROM (SELECT users.id AS users_id, users.email AS users_email, users.user_name AS users_user_name, users.password AS users_password, users.first_name AS users_first_name, users.last_name AS users_last_name, users.department AS users_department, users.tech_stack AS users_tech_stack, users.profile_photo_url AS users_profile_photo_url, users.active AS users_active, users.wallet_balance AS users_wallet_balance, users.last_login AS users_last_login 
FROM users 
WHERE users.user_name = %(user_name_1)s 
 LIMIT %(param_1)s) AS anon_1 LEFT OUTER JOIN (user_roles AS user_roles_1 JOIN roles AS roles_1 ON roles_1.id = user_roles_1.role_id) ON anon_1.users_id = user_roles_1.user_id
2025-05-15 12:29:01,461 - sqlalchemy.engine.Engine - INFO - [cached since 116.5s ago] {'user_name_1': 'shreyas', 'param_1': 1}
2025-05-15 12:29:01,529 - sqlalchemy.engine.Engine - INFO - SELECT roles.id AS roles_id, roles.role_name AS roles_role_name 
FROM roles 
WHERE roles.role_name = %(role_name_1)s 
 LIMIT %(param_1)s
2025-05-15 12:29:01,530 - sqlalchemy.engine.Engine - INFO - [cached since 116.5s ago] {'role_name_1': 'ROLE_ADMIN', 'param_1': 1}
2025-05-15 12:29:01,589 - sqlalchemy.engine.Engine - INFO - UPDATE users SET last_login=%(last_login)s WHERE users.id = %(users_id)s
2025-05-15 12:29:01,590 - sqlalchemy.engine.Engine - INFO - [cached since 116.5s ago] {'last_login': datetime.datetime(2025, 5, 15, 6, 59, 1, 529301), 'users_id': 15}
2025-05-15 12:29:01,646 - sqlalchemy.engine.Engine - INFO - COMMIT
2025-05-15 12:29:01,720 - sqlalchemy.engine.Engine - INFO - BEGIN (implicit)
2025-05-15 12:29:01,721 - sqlalchemy.engine.Engine - INFO - SELECT users.id AS users_id, users.email AS users_email, users.user_name AS users_user_name, users.password AS users_password, users.first_name AS users_first_name, users.last_name AS users_last_name, users.department AS users_department, users.tech_stack AS users_tech_stack, users.profile_photo_url AS users_profile_photo_url, users.active AS users_active, users.wallet_balance AS users_wallet_balance, users.last_login AS users_last_login, roles_1.id AS roles_1_id, roles_1.role_name AS roles_1_role_name 
FROM users LEFT OUTER JOIN (user_roles AS user_roles_1 JOIN roles AS roles_1 ON roles_1.id = user_roles_1.role_id) ON users.id = user_roles_1.user_id 
WHERE users.id = %(pk_1)s
2025-05-15 12:29:01,723 - sqlalchemy.engine.Engine - INFO - [cached since 116.5s ago] {'pk_1': 15}
2025-05-15 12:29:01,837 - sqlalchemy.engine.Engine - INFO - SELECT journal_entries.id AS journal_entries_id, journal_entries.user_id AS journal_entries_user_id, journal_entries.content AS journal_entries_content, journal_entries.sentiment_score AS journal_entries_sentiment_score, journal_entries.sentiment_label AS journal_entries_sentiment_label, journal_entries.created_at AS journal_entries_created_at, journal_entries.updated_at AS journal_entries_updated_at 
FROM journal_entries 
WHERE journal_entries.user_id = %(user_id_1)s AND journal_entries.created_at >= %(created_at_1)s
2025-05-15 12:29:01,838 - sqlalchemy.engine.Engine - INFO - [generated in 0.00086s] {'user_id_1': 15, 'created_at_1': datetime.datetime(2025, 4, 15, 6, 59, 1, 719646)}
2025-05-15 12:29:01,902 - sqlalchemy.engine.Engine - INFO - SELECT habits.id AS habits_id, habits.user_id AS habits_user_id, habits.name AS habits_name, habits.description AS habits_description, habits.frequency AS habits_frequency, habits.created_at AS habits_created_at 
FROM habits 
WHERE habits.user_id = %(user_id_1)s
2025-05-15 12:29:01,902 - sqlalchemy.engine.Engine - INFO - [generated in 0.00082s] {'user_id_1': 15}
2025-05-15 12:29:01,963 - sqlalchemy.engine.Engine - INFO - SELECT habit_logs.id AS habit_logs_id, habit_logs.habit_id AS habit_logs_habit_id, habit_logs.completed_at AS habit_logs_completed_at, habit_logs.notes AS habit_logs_notes 
FROM habit_logs 
WHERE habit_logs.habit_id IN (%(habit_id_1_1)s) AND habit_logs.completed_at >= %(completed_at_1)s
2025-05-15 12:29:01,964 - sqlalchemy.engine.Engine - INFO - [generated in 0.00086s] {'completed_at_1': datetime.datetime(2025, 4, 15, 6, 59, 1, 719646), 'habit_id_1_1': 1}
2025-05-15 12:29:02,019 - sqlalchemy.engine.Engine - INFO - SELECT goals.id AS goals_id, goals.user_id AS goals_user_id, goals.title AS goals_title, goals.description AS goals_description, goals.due_date AS goals_due_date, goals.status AS goals_status, goals.created_at AS goals_created_at, goals.updated_at AS goals_updated_at 
FROM goals 
WHERE goals.user_id = %(user_id_1)s AND goals.created_at >= %(created_at_1)s
2025-05-15 12:29:02,020 - sqlalchemy.engine.Engine - INFO - [generated in 0.00083s] {'user_id_1': 15, 'created_at_1': datetime.datetime(2025, 4, 15, 6, 59, 1, 719646)}
2025-05-15 12:29:02,086 - sqlalchemy.engine.Engine - INFO - ROLLBACK
